ID_Caso,Nome_Réu,Idade_Réu,Gênero_Réu,Tipo_Crime,Pena_Aplicada_Years,Regime_Inicial,Progressão_Regime,Reincidência,Data_Sentença,Local_Privação_Liberdade,Observações
1,João Miguel Marques,44,Masculino,Furto,22,Aberto,Não,Sim,2023-11-12,Penitenciária Estadual,Id repudiandae dolor error optio nulla.
2,Nathan Pacheco,22,Feminino,Tráfico de Drogas,30,Fechado,Não,Não,2020-02-04,Prisão Central,Quidem quos quisquam sunt repellat nam at delectus modi beatae consectetur exercitationem.
3,Lucas Gabriel Cardoso,59,Feminino,Estupro,7,Fechado,Sim,Não,2022-06-08,Centro de Detenção Provisória,Quidem ad fuga voluptas ipsum eaque consequuntur inventore repudiandae voluptatem voluptates.
4,Clara Brito,52,Masculino,Tráfico de Drogas,9,Semiaberto,Sim,Sim,2024-01-11,Penitenciária Estadual,Occaecati nemo aperiam consequuntur quisquam quidem quisquam voluptate odio minus laborum amet.
5,Heloísa Almeida,58,Masculino,Furto,22,Semiaberto,Não,Não,2022-05-18,Penitenciária Estadual,Asperiores placeat nam nulla porro facere voluptatibus.
6,Sr. Luiz Felipe Jesus,18,Masculino,Tráfico de Drogas,6,Aberto,Não,Sim,2023-05-21,Penitenciária Estadual,Eligendi amet vero eos eveniet nostrum beatae cumque.
7,Fernanda Silva,44,Feminino,Estupro,27,Aberto,Sim,Sim,2015-06-29,Penitenciária Estadual,Molestias et voluptatibus explicabo officia ullam sit quo repellendus.
8,Sra. Lorena Albuquerque,31,Feminino,Furto,17,Aberto,Não,Não,2023-06-19,Prisão Central,Voluptatem magni animi sint dolores assumenda beatae velit voluptates possimus.
9,Rafael da Cruz,55,Masculino,Estupro,26,Fechado,Não,Sim,2022-10-26,Centro de Detenção Provisória,Culpa quae delectus saepe facilis non numquam voluptates tempore nihil est laudantium.
10,Theodoro Montenegro,25,Masculino,Homicídio,11,Semiaberto,Não,Sim,2023-04-29,Prisão Central,Ad voluptates error cum illo nisi blanditiis quas.
11,Mirella Aragão,58,Masculino,Furto,26,Fechado,Não,Não,2020-05-07,Prisão Central,Sint doloribus labore odio nesciunt dignissimos perspiciatis commodi molestias deserunt fugiat soluta.
12,Vitor Gabriel Camargo,21,Masculino,Tráfico de Drogas,5,Aberto,Não,Não,2020-09-20,Prisão Central,Labore adipisci dignissimos quisquam numquam ipsum.
13,Lucas Gabriel Castro,53,Feminino,Estupro,14,Semiaberto,Sim,Não,2024-12-07,Prisão Central,Molestiae eos expedita minima veritatis ratione consectetur occaecati.
14,Dr. Vicente Vieira,33,Masculino,Estupro,28,Aberto,Não,Sim,2017-05-16,Penitenciária Estadual,Eligendi eveniet aliquam nobis voluptates id.
15,Srta. Ana Carolina da Cruz,60,Feminino,Roubo,18,Fechado,Não,Sim,2022-09-24,Penitenciária Estadual,Asperiores consequatur error quo dolores facere earum aperiam voluptatem officiis quibusdam deserunt.
16,Yasmin Jesus,20,Feminino,Estupro,13,Fechado,Não,Sim,2023-04-04,Centro de Detenção Provisória,Dignissimos mollitia fuga vero non molestiae corrupti earum rem modi.
17,Bento Rios,22,Feminino,Roubo,9,Aberto,Sim,Não,2023-03-15,Penitenciária Estadual,Possimus recusandae consectetur reiciendis asperiores rerum rem.
18,Larissa Farias,61,Feminino,Furto,15,Semiaberto,Sim,Sim,2018-10-28,Centro de Detenção Provisória,Nobis corrupti ipsa debitis nostrum maxime ut impedit illo qui.
19,João Miguel Cunha,31,Feminino,Furto,27,Fechado,Não,Sim,2022-05-04,Prisão Central,Voluptatem cum ipsa reiciendis odio veniam ut optio qui.
20,Maria Helena Costela,29,Masculino,Tráfico de Drogas,30,Semiaberto,Não,Sim,2022-02-27,Prisão Central,Magnam dolor earum quod corrupti quae illum qui id totam a et.
21,Gabrielly Cassiano,60,Feminino,Estupro,23,Semiaberto,Não,Sim,2019-02-16,Prisão Central,Maiores repellat voluptas nihil perferendis consequatur odit in ex velit.
22,Sr. Davi Miguel Fogaça,32,Masculino,Homicídio,16,Fechado,Não,Não,2016-06-13,Centro de Detenção Provisória,Excepturi facere cumque non perferendis omnis dolor facilis eveniet neque quasi totam.
23,Juliana da Rocha,38,Feminino,Estupro,17,Fechado,Sim,Não,2023-08-28,Prisão Central,Non praesentium nostrum expedita similique totam velit.
24,Ana Carolina Gomes,64,Masculino,Tráfico de Drogas,22,Semiaberto,Não,Sim,2020-06-03,Penitenciária Estadual,Officia dicta iusto facere saepe tempore facilis veritatis corrupti.
25,Theo Leão,52,Masculino,Homicídio,23,Semiaberto,Não,Sim,2018-04-18,Centro de Detenção Provisória,Natus non dicta id maiores porro exercitationem tempora quo ipsa.
26,Lucas Gabriel das Neves,60,Masculino,Roubo,16,Semiaberto,Não,Não,2022-02-17,Prisão Central,Sit similique eos atque ex numquam deleniti.
27,Theodoro Garcia,26,Masculino,Homicídio,17,Semiaberto,Não,Não,2017-11-12,Penitenciária Estadual,Id quidem dicta molestias ea occaecati.
28,Ana Júlia Barros,53,Feminino,Tráfico de Drogas,4,Semiaberto,Sim,Sim,2015-08-01,Prisão Central,Pariatur nisi animi ipsam a dolorum quia architecto numquam tempora.
29,Stephany Nunes,24,Masculino,Estupro,12,Fechado,Sim,Não,2024-03-29,Penitenciária Estadual,Odio possimus adipisci blanditiis soluta quo tenetur reiciendis aliquam consectetur.
30,Pedro Miguel Duarte,51,Masculino,Furto,19,Aberto,Sim,Sim,2020-02-24,Centro de Detenção Provisória,Magnam perspiciatis repudiandae sit distinctio aliquid itaque nulla eveniet quam doloremque veniam.
31,Isadora Porto,21,Masculino,Roubo,14,Fechado,Não,Sim,2016-02-17,Prisão Central,Beatae accusantium quaerat deleniti repudiandae placeat suscipit.
32,Samuel Aragão,40,Feminino,Estupro,19,Aberto,Sim,Sim,2025-01-19,Centro de Detenção Provisória,Officiis sed soluta quisquam quas praesentium sint veritatis similique omnis maxime.
33,Luiz Henrique Castro,50,Masculino,Roubo,15,Semiaberto,Não,Sim,2017-12-30,Prisão Central,Assumenda animi eaque recusandae error laborum magni quos officia nesciunt.
34,Dr. Théo Cavalcanti,44,Masculino,Furto,2,Semiaberto,Não,Sim,2020-08-08,Penitenciária Estadual,Quaerat culpa architecto voluptatibus ratione impedit quidem.
35,Sra. Ana Laura Souza,41,Feminino,Homicídio,10,Semiaberto,Não,Não,2019-10-23,Prisão Central,Quidem maiores deleniti velit voluptatum unde deserunt.
36,Davi Lucca Macedo,41,Feminino,Roubo,24,Fechado,Não,Sim,2018-10-06,Centro de Detenção Provisória,Corrupti debitis adipisci odit non blanditiis neque inventore inventore distinctio distinctio explicabo.
37,Emilly Gonçalves,30,Masculino,Roubo,25,Semiaberto,Sim,Não,2016-11-15,Centro de Detenção Provisória,Quo aliquam blanditiis officiis praesentium fuga exercitationem necessitatibus eaque maxime dolor vero vel eum.
38,Ian Guerra,28,Masculino,Estupro,29,Semiaberto,Não,Não,2019-01-14,Penitenciária Estadual,Itaque atque neque nemo amet animi distinctio.
39,Raul Macedo,39,Feminino,Roubo,14,Fechado,Não,Não,2020-03-26,Prisão Central,Blanditiis nobis eaque veniam rerum vel unde.
40,Maya Pinto,61,Masculino,Roubo,8,Semiaberto,Sim,Não,2019-09-30,Prisão Central,Totam dolores aliquam vero laboriosam nisi saepe eius libero suscipit nemo quam.
41,Sr. Dante Oliveira,52,Masculino,Furto,7,Semiaberto,Sim,Sim,2019-04-21,Centro de Detenção Provisória,Suscipit blanditiis autem magni velit nemo qui.
42,Marcos Vinicius Ribeiro,18,Masculino,Roubo,21,Fechado,Não,Não,2021-05-07,Prisão Central,Nihil sint ullam quae molestias eos dolorem explicabo nostrum.
43,Ísis Duarte,56,Feminino,Roubo,13,Semiaberto,Sim,Não,2020-01-13,Prisão Central,Est totam eos repudiandae error sunt.
44,Allana Sousa,31,Masculino,Estupro,13,Semiaberto,Sim,Não,2015-06-05,Penitenciária Estadual,Ipsam id perferendis dolore ratione soluta id praesentium.
45,Giovanna Costa,46,Masculino,Estupro,5,Fechado,Não,Não,2018-06-18,Centro de Detenção Provisória,Molestias non quia unde quaerat magni ad alias hic alias.
46,Srta. Caroline Rezende,42,Feminino,Furto,11,Aberto,Não,Sim,2015-07-07,Prisão Central,Unde dolorum magni deleniti cumque earum doloremque ipsam ut nostrum.
47,Sr. Bento Ferreira,63,Feminino,Furto,29,Fechado,Sim,Não,2020-06-04,Prisão Central,Quod nihil repellendus quis praesentium velit sed reiciendis quo vero sapiente voluptas quaerat.
48,Nicolas Pacheco,30,Masculino,Estupro,30,Fechado,Não,Sim,2018-01-16,Centro de Detenção Provisória,Voluptatem pariatur iure perferendis facilis aliquid.
49,Mariane Rodrigues,62,Masculino,Estupro,28,Fechado,Não,Sim,2017-03-11,Centro de Detenção Provisória,Delectus repudiandae eligendi facere deserunt esse.
50,Giovanna Pires,25,Feminino,Estupro,9,Fechado,Sim,Não,2018-09-30,Penitenciária Estadual,Illo reprehenderit consequuntur autem omnis quas odit illum accusamus porro ratione officia similique.
51,Enrico Gomes,57,Masculino,Furto,28,Aberto,Sim,Não,2024-11-24,Centro de Detenção Provisória,Praesentium corrupti aut debitis provident porro accusantium aut iusto reiciendis.
52,Sra. Eloá Silveira,23,Feminino,Furto,22,Semiaberto,Sim,Não,2020-12-15,Prisão Central,Explicabo doloremque explicabo totam quos eaque corrupti blanditiis quibusdam modi voluptates sequi quas.
53,Dra. Emanuella Alves,51,Feminino,Estupro,10,Aberto,Não,Não,2025-01-06,Centro de Detenção Provisória,Cum dicta nam nesciunt incidunt voluptates error.
54,Isabella Silva,25,Feminino,Estupro,26,Semiaberto,Sim,Não,2023-11-02,Centro de Detenção Provisória,Quae hic placeat asperiores est mollitia deserunt totam odio animi quisquam nam illum.
55,Luiz Otávio Brito,37,Masculino,Homicídio,26,Fechado,Sim,Não,2019-05-26,Prisão Central,Occaecati non nostrum blanditiis aperiam veniam similique pariatur officia.
56,Maya Gomes,26,Feminino,Roubo,18,Semiaberto,Não,Não,2017-04-06,Prisão Central,Ad consequatur eos magni facere incidunt accusamus ex vel assumenda.
57,Luana Pinto,65,Feminino,Furto,1,Semiaberto,Sim,Não,2019-09-13,Penitenciária Estadual,Nesciunt harum ut voluptatibus perspiciatis explicabo.
58,Yasmin Viana,46,Masculino,Estupro,25,Semiaberto,Não,Sim,2015-04-25,Centro de Detenção Provisória,Occaecati asperiores illo dolores ut mollitia tempore dignissimos et excepturi at tempora.
59,Brayan Azevedo,40,Masculino,Homicídio,18,Semiaberto,Sim,Sim,2017-07-21,Penitenciária Estadual,Non asperiores dolore dicta facilis dolore nemo repudiandae.
60,Igor da Luz,55,Feminino,Furto,8,Fechado,Não,Não,2020-06-12,Prisão Central,Ducimus distinctio totam ex excepturi labore odit consequatur ex suscipit ullam rerum.
61,Srta. Melina Nogueira,45,Feminino,Homicídio,6,Semiaberto,Sim,Não,2015-03-31,Penitenciária Estadual,Odio et autem pariatur quibusdam vitae fugiat sint enim.
62,Diogo Araújo,51,Masculino,Tráfico de Drogas,8,Semiaberto,Sim,Sim,2023-06-02,Penitenciária Estadual,Quibusdam eaque reprehenderit tenetur provident dolores inventore dolore recusandae optio quod dolore mollitia.
63,Diogo Machado,36,Masculino,Roubo,7,Semiaberto,Sim,Não,2019-08-04,Prisão Central,Maiores ea repellendus ex rerum mollitia delectus expedita cupiditate unde laboriosam.
64,Elisa Siqueira,53,Masculino,Tráfico de Drogas,25,Semiaberto,Sim,Sim,2024-03-15,Penitenciária Estadual,Consectetur ipsam harum placeat neque facere ea.
65,Ryan Barros,21,Masculino,Furto,9,Fechado,Não,Não,2017-07-14,Prisão Central,Excepturi explicabo saepe atque ducimus placeat minima magnam optio quia enim sunt.
66,Júlia Pastor,28,Masculino,Furto,11,Semiaberto,Sim,Não,2020-09-26,Penitenciária Estadual,Id itaque neque debitis aliquid voluptates eveniet incidunt error fuga nisi.
67,Maya Nogueira,18,Feminino,Tráfico de Drogas,7,Semiaberto,Sim,Não,2021-05-10,Centro de Detenção Provisória,Explicabo incidunt suscipit tempora dolorem harum repellendus atque nobis dolorum assumenda tenetur.
68,Emanuelly Camargo,38,Feminino,Roubo,24,Aberto,Sim,Sim,2021-05-31,Prisão Central,Quia laudantium possimus impedit repellat cumque excepturi natus reprehenderit tempore saepe tempora.
69,Maria Helena Vieira,39,Masculino,Roubo,13,Semiaberto,Sim,Não,2020-12-12,Penitenciária Estadual,Hic placeat veniam modi numquam necessitatibus.
70,Heitor Lopes,47,Feminino,Roubo,14,Aberto,Não,Não,2022-10-27,Penitenciária Estadual,Illo cumque delectus iure totam ut.
71,Benício Rodrigues,68,Masculino,Homicídio,7,Aberto,Sim,Não,2016-12-17,Centro de Detenção Provisória,Quidem saepe fugit dolor illo aliquid dolores fugit atque neque nobis deserunt.
72,Agatha Rodrigues,61,Masculino,Tráfico de Drogas,16,Semiaberto,Não,Sim,2022-09-02,Centro de Detenção Provisória,Fugit dicta dignissimos aperiam voluptas labore debitis commodi.
73,Lucas Cavalcanti,22,Masculino,Estupro,27,Aberto,Sim,Sim,2022-12-01,Prisão Central,Distinctio beatae et minima maiores facere expedita ratione corrupti similique ratione.
74,Sr. Thiago Correia,65,Masculino,Tráfico de Drogas,9,Aberto,Não,Não,2020-09-30,Prisão Central,Similique incidunt saepe possimus facilis sequi.
75,Lunna Macedo,48,Masculino,Roubo,2,Semiaberto,Não,Sim,2024-08-04,Penitenciária Estadual,Impedit iste nobis incidunt soluta minus nulla.
76,Emanuella Campos,35,Masculino,Tráfico de Drogas,18,Semiaberto,Sim,Não,2023-04-03,Centro de Detenção Provisória,Dolore nam illo in ea excepturi quae blanditiis necessitatibus.
77,Yago Guerra,68,Masculino,Roubo,18,Aberto,Não,Não,2025-03-08,Centro de Detenção Provisória,Aliquam recusandae cum aspernatur quae quod incidunt numquam aliquam fugiat omnis.
78,Maria Clara Gonçalves,28,Feminino,Roubo,4,Semiaberto,Sim,Sim,2020-12-11,Prisão Central,Tempore aliquid tenetur maxime consequuntur nemo libero nemo natus accusantium similique esse laudantium.
79,Daniel Sá,29,Masculino,Furto,24,Fechado,Não,Sim,2022-08-07,Centro de Detenção Provisória,Incidunt eius iusto quaerat alias nesciunt quod praesentium.
80,Dra. Rafaela Ramos,35,Masculino,Tráfico de Drogas,29,Fechado,Sim,Não,2024-07-14,Centro de Detenção Provisória,Vitae molestiae eligendi minima in corrupti architecto reprehenderit.
81,Ayla Leão,51,Masculino,Homicídio,2,Aberto,Não,Não,2024-12-15,Prisão Central,Blanditiis corrupti tempora cum labore nemo a nemo iure natus impedit.
82,Maria Cecília Fernandes,67,Masculino,Roubo,1,Fechado,Não,Não,2017-06-16,Prisão Central,Velit fugit architecto alias facere laboriosam delectus debitis aliquam ipsum quaerat illum.
83,Srta. Juliana Campos,44,Feminino,Estupro,7,Aberto,Não,Não,2023-12-07,Prisão Central,Tempora eum esse ad explicabo vero.
84,Antônio Albuquerque,21,Masculino,Estupro,15,Semiaberto,Não,Não,2015-10-07,Penitenciária Estadual,Cumque inventore nisi temporibus laborum laborum.
85,Sr. Thales Rezende,66,Masculino,Roubo,27,Semiaberto,Não,Não,2019-02-05,Centro de Detenção Provisória,Distinctio doloribus molestiae neque laudantium deleniti nesciunt.
86,Maria Alice Carvalho,23,Feminino,Tráfico de Drogas,11,Aberto,Não,Sim,2020-06-20,Penitenciária Estadual,Libero velit vero molestiae dolores accusamus laudantium corrupti minima eaque praesentium consequuntur.
87,Sra. Eloá Garcia,65,Masculino,Homicídio,24,Aberto,Sim,Sim,2023-03-13,Penitenciária Estadual,Officiis voluptas harum rem accusamus rerum reprehenderit eligendi nobis dolores sapiente laboriosam iste.
88,Ana Cecília da Conceição,57,Feminino,Furto,1,Semiaberto,Não,Não,2024-08-20,Centro de Detenção Provisória,Natus eligendi a accusantium iure culpa.
89,Rhavi das Neves,32,Feminino,Furto,26,Semiaberto,Sim,Sim,2019-02-04,Centro de Detenção Provisória,Quisquam debitis rem sunt ducimus temporibus consectetur accusantium esse qui soluta tempore nihil.
90,Hellena Vasconcelos,24,Feminino,Furto,16,Aberto,Sim,Sim,2024-05-08,Centro de Detenção Provisória,Excepturi natus quo dignissimos accusantium aperiam culpa officiis animi cupiditate.
91,Agatha Castro,52,Feminino,Tráfico de Drogas,22,Semiaberto,Sim,Não,2023-08-13,Centro de Detenção Provisória,Occaecati nihil rerum delectus animi eligendi.
92,Heitor Farias,42,Masculino,Roubo,20,Fechado,Sim,Não,2024-03-12,Prisão Central,Ratione voluptates quibusdam possimus aperiam error.
93,Antônio Dias,68,Masculino,Estupro,16,Aberto,Sim,Não,2021-06-17,Prisão Central,Vero incidunt occaecati nemo dignissimos harum culpa alias consequatur eveniet totam non.
94,Maitê Rodrigues,53,Feminino,Homicídio,20,Semiaberto,Sim,Sim,2021-09-17,Penitenciária Estadual,Minima nulla adipisci saepe incidunt harum pariatur.
95,Davi Lucas da Mota,51,Masculino,Estupro,20,Semiaberto,Não,Não,2015-05-28,Penitenciária Estadual,Architecto delectus unde error quam distinctio accusamus tempore odio quis beatae illum.
96,Maria Luísa Novaes,56,Feminino,Estupro,27,Semiaberto,Não,Não,2024-08-12,Prisão Central,Libero vitae eius ullam natus dolorem nobis est ea repudiandae nesciunt.
97,Arthur Miguel da Mota,31,Masculino,Furto,19,Aberto,Sim,Sim,2015-05-08,Centro de Detenção Provisória,Commodi quam sint perferendis illum tenetur impedit nulla hic dolorem.
98,Renan Guerra,62,Masculino,Roubo,1,Aberto,Não,Não,2015-08-26,Penitenciária Estadual,Dolore voluptatum odit modi pariatur expedita hic ad harum earum tempore ipsa.
99,Sra. Aylla Marques,26,Masculino,Estupro,6,Fechado,Não,Sim,2015-04-26,Penitenciária Estadual,Reiciendis fugiat aliquid odio distinctio quae quod voluptatem voluptatibus tempore aspernatur exercitationem quos voluptatem.
100,Sra. Emilly Souza,62,Masculino,Roubo,11,Aberto,Sim,Não,2023-12-04,Prisão Central,Natus provident dolor veritatis consequatur neque quos odit dolorem eaque mollitia voluptates.
101,Lívia Andrade,25,Feminino,Furto,4,Semiaberto,Não,Não,2015-06-14,Penitenciária Estadual,Incidunt quibusdam labore cumque dolorum modi ratione labore repellendus blanditiis.
102,Sr. João Lucas Farias,44,Feminino,Estupro,4,Aberto,Sim,Não,2020-06-06,Centro de Detenção Provisória,Quos numquam eligendi soluta magnam nostrum.
103,Asafe Pereira,41,Masculino,Estupro,16,Semiaberto,Sim,Sim,2021-09-23,Prisão Central,Quaerat voluptatem soluta ipsum error necessitatibus aut.
104,Dr. João Miguel Silveira,61,Masculino,Homicídio,3,Fechado,Sim,Sim,2019-05-11,Penitenciária Estadual,Ipsum reprehenderit iure repellendus animi temporibus ad incidunt voluptates.
105,Ian Sá,19,Feminino,Tráfico de Drogas,11,Aberto,Sim,Não,2016-01-16,Prisão Central,Earum esse perspiciatis a rem pariatur.
106,Maria Flor Vargas,40,Masculino,Homicídio,26,Fechado,Não,Não,2022-09-15,Prisão Central,Quisquam dignissimos earum ab quos hic reiciendis sapiente qui.
107,Luiz Gustavo Santos,24,Masculino,Roubo,3,Fechado,Não,Não,2016-04-20,Penitenciária Estadual,Id suscipit alias possimus dignissimos ipsam natus doloremque sequi molestias iusto.
108,Dra. Alexia Teixeira,34,Masculino,Roubo,28,Fechado,Não,Não,2019-08-23,Prisão Central,Corrupti eius incidunt recusandae expedita praesentium quos dolor reiciendis pariatur accusamus libero.
109,Leonardo Rios,34,Feminino,Tráfico de Drogas,11,Semiaberto,Sim,Não,2021-05-23,Centro de Detenção Provisória,Eos at ea reprehenderit officia quas.
110,Srta. Eduarda Pimenta,30,Feminino,Furto,16,Aberto,Sim,Sim,2022-05-29,Penitenciária Estadual,Dolorem facilis maiores repellat reprehenderit quasi dolor earum a dolores eum vero.
111,Stella Cunha,66,Feminino,Roubo,29,Fechado,Sim,Não,2017-11-03,Centro de Detenção Provisória,Itaque amet fugiat modi nisi possimus.
112,Bryan Mendonça,26,Masculino,Roubo,18,Aberto,Sim,Sim,2019-05-04,Penitenciária Estadual,Minima molestias corrupti omnis eligendi vel vitae porro totam quos consequuntur incidunt perspiciatis.
113,Bryan Sampaio,41,Feminino,Tráfico de Drogas,28,Semiaberto,Não,Sim,2015-07-02,Prisão Central,Fuga magni culpa velit reprehenderit necessitatibus.
114,Laís Abreu,28,Feminino,Tráfico de Drogas,24,Fechado,Sim,Sim,2019-02-23,Centro de Detenção Provisória,Dolore mollitia voluptatem neque mollitia placeat totam.
115,Beatriz Albuquerque,48,Feminino,Estupro,11,Aberto,Sim,Não,2021-03-18,Centro de Detenção Provisória,Odio necessitatibus enim alias deleniti deserunt quibusdam optio nisi.
116,Benjamim Correia,19,Feminino,Roubo,1,Aberto,Sim,Não,2018-09-24,Penitenciária Estadual,Cupiditate deleniti odit quibusdam deserunt at labore odio illo adipisci quisquam voluptatibus ut.
117,Davi Miguel Pastor,59,Feminino,Estupro,3,Aberto,Não,Não,2016-04-18,Centro de Detenção Provisória,Modi inventore esse quisquam enim aperiam repellendus ex fuga perspiciatis fugit ex.
118,Nicole Peixoto,37,Feminino,Homicídio,27,Fechado,Sim,Sim,2016-04-26,Centro de Detenção Provisória,Quasi cupiditate numquam dolorem natus dignissimos repellat sed.
119,Dr. João Guilherme da Cruz,58,Feminino,Tráfico de Drogas,1,Fechado,Não,Sim,2016-01-27,Penitenciária Estadual,Dolor quae veritatis quibusdam quasi iure culpa molestias repellendus consequatur qui.
120,Henrique Santos,60,Masculino,Tráfico de Drogas,18,Aberto,Sim,Não,2018-01-26,Penitenciária Estadual,Fuga tenetur officiis debitis omnis alias animi similique.
121,Benício Peixoto,52,Feminino,Estupro,5,Semiaberto,Não,Não,2019-05-01,Prisão Central,Beatae maiores rem dignissimos porro voluptatem quidem consequuntur modi consectetur numquam.
122,Breno Pacheco,65,Feminino,Homicídio,3,Aberto,Sim,Sim,2024-11-20,Centro de Detenção Provisória,Itaque earum fugiat aut delectus ea fugit.
123,Maria Clara Barros,32,Masculino,Furto,27,Fechado,Não,Não,2021-06-14,Penitenciária Estadual,Natus quae quas nihil sequi minima.
124,Marcela Pinto,40,Masculino,Furto,2,Fechado,Não,Sim,2016-04-06,Prisão Central,Doloribus similique cupiditate eos facilis ratione velit sit facilis.
125,Mariane Barbosa,67,Feminino,Furto,8,Aberto,Não,Não,2024-11-14,Prisão Central,Animi eum totam quo doloribus rerum possimus magnam earum.
126,Dra. Isadora Cirino,45,Feminino,Furto,27,Semiaberto,Não,Sim,2015-09-25,Centro de Detenção Provisória,Veritatis magni nobis possimus doloremque deserunt quae quisquam iure praesentium.
127,Srta. Maysa Sales,21,Masculino,Roubo,29,Semiaberto,Sim,Sim,2018-07-29,Prisão Central,Libero labore ratione aperiam ipsam id.
128,Julia Fernandes,51,Feminino,Furto,20,Aberto,Sim,Não,2024-07-11,Centro de Detenção Provisória,Perspiciatis incidunt incidunt cum ipsum sapiente deleniti deserunt.
129,Danilo da Rocha,27,Feminino,Estupro,26,Semiaberto,Não,Sim,2022-06-02,Prisão Central,Repellat rem aspernatur iusto deleniti reiciendis eius impedit.
130,Mirella Barbosa,26,Feminino,Furto,15,Aberto,Sim,Sim,2016-06-11,Penitenciária Estadual,Veritatis in aliquam atque tempora tempora neque magnam nihil odit.
131,Cecilia Cardoso,33,Feminino,Estupro,25,Fechado,Não,Sim,2025-03-21,Penitenciária Estadual,Accusantium dicta veritatis corporis autem eius consectetur aliquid repellat quod.
132,Enrico Aparecida,70,Masculino,Homicídio,18,Aberto,Não,Não,2019-05-24,Centro de Detenção Provisória,Suscipit ipsum fuga commodi laboriosam doloribus quia veritatis corporis nostrum iste sint.
133,Murilo Silveira,47,Masculino,Roubo,16,Fechado,Não,Não,2016-05-13,Prisão Central,Id voluptas accusantium consequuntur atque error minima vitae ipsum commodi.
134,Allana Garcia,36,Masculino,Homicídio,9,Fechado,Não,Não,2015-12-15,Prisão Central,Libero dignissimos assumenda dolorem explicabo aliquam saepe voluptatem veritatis.
135,Luana Pimenta,61,Feminino,Tráfico de Drogas,6,Semiaberto,Não,Não,2024-11-11,Centro de Detenção Provisória,Labore culpa consequuntur veniam tempora quidem aut a minima.
136,João Pedro Oliveira,24,Feminino,Tráfico de Drogas,4,Fechado,Não,Não,2017-12-12,Penitenciária Estadual,A inventore quasi ex officia necessitatibus amet culpa qui laborum placeat excepturi.
137,Isabela Silva,66,Masculino,Tráfico de Drogas,3,Semiaberto,Sim,Não,2017-05-09,Prisão Central,Rerum pariatur modi eos neque vel dolores nam.
138,Ravy Sales,69,Feminino,Homicídio,14,Fechado,Sim,Sim,2016-10-08,Penitenciária Estadual,Ratione maxime error libero iusto incidunt magni.
139,Danilo Borges,70,Feminino,Estupro,7,Aberto,Não,Não,2016-05-11,Penitenciária Estadual,Debitis nostrum possimus accusantium vero cupiditate pariatur.
140,Davi Lucca Cirino,35,Masculino,Roubo,10,Semiaberto,Não,Não,2015-04-28,Penitenciária Estadual,Fugit iusto sit molestias nisi alias eos.
141,Carolina Albuquerque,20,Masculino,Roubo,6,Semiaberto,Sim,Não,2021-08-04,Penitenciária Estadual,Amet error assumenda amet cupiditate provident.
142,Sra. Maria Fernanda da Rosa,64,Masculino,Estupro,9,Fechado,Sim,Sim,2018-09-04,Prisão Central,Temporibus neque laudantium dolorum necessitatibus consequatur dolor repudiandae magnam voluptate recusandae blanditiis et.
143,Sarah Rodrigues,23,Masculino,Tráfico de Drogas,20,Semiaberto,Não,Sim,2017-06-17,Penitenciária Estadual,Beatae dolorum repudiandae similique doloremque ab.
144,Mirella Rocha,69,Masculino,Estupro,1,Aberto,Sim,Sim,2021-08-02,Penitenciária Estadual,Odit odio adipisci ipsa nemo praesentium praesentium numquam laboriosam mollitia harum modi impedit.
145,Srta. Ana Cecília Novais,61,Masculino,Homicídio,19,Semiaberto,Sim,Não,2022-04-11,Prisão Central,Deserunt unde ut asperiores consequuntur porro aliquid in.
146,Amanda Carvalho,42,Masculino,Tráfico de Drogas,14,Aberto,Sim,Sim,2019-08-20,Centro de Detenção Provisória,Facilis consequatur earum eaque qui saepe exercitationem illum quia.
147,Heloísa Moraes,62,Feminino,Tráfico de Drogas,4,Fechado,Não,Não,2017-05-26,Penitenciária Estadual,Laudantium placeat eligendi nisi laborum repellat quis et vitae molestias.
148,Lucca Barros,35,Masculino,Furto,26,Semiaberto,Não,Não,2018-04-15,Centro de Detenção Provisória,Non culpa laborum nesciunt laborum dicta id voluptas placeat maiores.
149,Enzo Gabriel Sá,63,Feminino,Homicídio,17,Semiaberto,Não,Sim,2016-06-12,Prisão Central,Libero dicta unde veniam deleniti cumque omnis dicta impedit facilis quos beatae fugiat.
150,Ravi das Neves,27,Feminino,Tráfico de Drogas,16,Fechado,Sim,Sim,2024-04-28,Centro de Detenção Provisória,Dolorum enim odit laboriosam hic sed illo labore ducimus magni aliquam alias.
151,Lucca Porto,66,Masculino,Homicídio,13,Aberto,Não,Não,2019-05-16,Penitenciária Estadual,Ad rem tenetur veniam praesentium culpa possimus debitis.
152,Mirella Marques,44,Feminino,Roubo,9,Fechado,Não,Não,2021-11-03,Prisão Central,Voluptate nihil quos repudiandae dolore amet occaecati eaque repudiandae quae explicabo.
153,Augusto Rodrigues,36,Masculino,Tráfico de Drogas,9,Fechado,Não,Não,2023-12-22,Prisão Central,Repudiandae facere necessitatibus voluptas temporibus nostrum optio quisquam sequi aut dolorum ad.
154,Cecília Pimenta,30,Feminino,Estupro,8,Fechado,Não,Sim,2017-07-03,Prisão Central,Cumque quis dolores voluptates repellendus modi doloribus officia eaque optio quibusdam.
155,Luara Vieira,18,Feminino,Estupro,30,Fechado,Sim,Sim,2018-05-28,Centro de Detenção Provisória,Beatae voluptatum commodi eum cumque asperiores.
156,Cauã da Luz,38,Masculino,Roubo,20,Semiaberto,Sim,Não,2022-01-28,Penitenciária Estadual,Eligendi autem inventore ea deserunt ad quae suscipit vitae eaque.
157,Théo Câmara,40,Feminino,Roubo,1,Semiaberto,Sim,Sim,2023-08-29,Penitenciária Estadual,A autem voluptatem fugiat iusto neque dolor rem aperiam laboriosam nobis totam.
158,Luiz Henrique Aragão,66,Feminino,Tráfico de Drogas,16,Fechado,Sim,Sim,2020-04-12,Centro de Detenção Provisória,Sequi corrupti vero sequi impedit doloremque tenetur.
159,Caroline Castro,64,Feminino,Roubo,26,Fechado,Não,Não,2022-10-22,Penitenciária Estadual,Placeat impedit deleniti voluptas placeat esse repudiandae consectetur dolorem nobis totam.
160,Heloisa Viana,22,Feminino,Tráfico de Drogas,9,Semiaberto,Não,Sim,2017-07-02,Penitenciária Estadual,Modi voluptatibus possimus explicabo temporibus voluptas tempora doloribus necessitatibus dicta.
161,João da Mota,21,Feminino,Tráfico de Drogas,19,Semiaberto,Não,Não,2025-03-21,Penitenciária Estadual,Quas odio cumque doloribus cupiditate omnis doloribus sint.
162,Maria Liz Cavalcante,51,Feminino,Furto,6,Fechado,Não,Sim,2023-03-11,Prisão Central,Error in officiis cumque repellat aperiam reprehenderit.
163,Ayla Rodrigues,23,Masculino,Roubo,17,Fechado,Não,Não,2025-02-16,Centro de Detenção Provisória,Qui assumenda error ratione aperiam unde omnis cum.
164,Catarina Brito,44,Feminino,Roubo,4,Semiaberto,Não,Não,2024-12-05,Prisão Central,Facilis cum deleniti perspiciatis asperiores ut non est perspiciatis modi eos.
165,Mateus Sousa,51,Masculino,Estupro,17,Aberto,Não,Sim,2016-03-23,Penitenciária Estadual,Quam neque at quam voluptas illo.
166,Luiz Felipe Ramos,68,Feminino,Furto,5,Aberto,Sim,Sim,2021-12-18,Penitenciária Estadual,Autem delectus nostrum molestiae quam a sapiente illum eveniet quam dignissimos voluptates molestiae.
167,Giovanna Lopes,55,Feminino,Tráfico de Drogas,7,Aberto,Sim,Não,2016-07-22,Centro de Detenção Provisória,Sit ducimus iure laudantium porro dicta nemo.
168,Melina Mendonça,32,Feminino,Homicídio,18,Fechado,Não,Sim,2023-08-21,Prisão Central,Eius reiciendis ipsum modi omnis voluptatem quis ullam magnam autem.
169,João Felipe Cunha,41,Feminino,Tráfico de Drogas,25,Semiaberto,Sim,Sim,2021-08-12,Centro de Detenção Provisória,Nobis ad ad sed deserunt libero minus ut doloremque deleniti odio architecto dolor.
170,João Gabriel Porto,64,Masculino,Tráfico de Drogas,12,Fechado,Não,Sim,2022-09-05,Centro de Detenção Provisória,Fugit aliquam dignissimos illum nulla molestiae deleniti.
171,Ana Clara Nunes,22,Masculino,Roubo,9,Fechado,Não,Sim,2021-04-01,Prisão Central,Odit eos illo sed quis officiis atque neque deleniti molestias laborum nisi libero quam.
172,Bento Pacheco,35,Feminino,Tráfico de Drogas,1,Fechado,Sim,Não,2018-08-27,Centro de Detenção Provisória,Unde totam quod provident sunt deserunt accusamus voluptates officia culpa corporis expedita facilis.
173,Calebe Rezende,29,Masculino,Estupro,4,Aberto,Não,Sim,2019-09-12,Centro de Detenção Provisória,Ratione quod reprehenderit occaecati incidunt natus voluptates impedit debitis ad recusandae cupiditate facere.
174,Bárbara Pastor,63,Feminino,Furto,16,Semiaberto,Não,Não,2023-06-07,Penitenciária Estadual,Rem excepturi nisi fugiat debitis ipsam quasi eos asperiores doloremque totam excepturi nisi.
175,Luiz Miguel Caldeira,25,Feminino,Furto,27,Semiaberto,Não,Não,2019-07-28,Prisão Central,Hic similique alias eos iure tenetur.
176,Maria Luiza Rodrigues,65,Feminino,Estupro,17,Semiaberto,Não,Sim,2021-01-25,Penitenciária Estadual,Nostrum neque dolorum tempore officiis voluptatem architecto occaecati reiciendis assumenda voluptatum dicta delectus.
177,Renan Rezende,55,Masculino,Roubo,7,Aberto,Não,Não,2015-10-06,Prisão Central,Quia iure qui distinctio totam perferendis temporibus saepe voluptate perferendis est.
178,Alexia da Paz,27,Feminino,Homicídio,10,Semiaberto,Sim,Sim,2020-01-13,Penitenciária Estadual,Natus corporis nihil placeat quia eaque esse reiciendis.
179,Ayla Sampaio,57,Feminino,Roubo,24,Fechado,Não,Sim,2020-08-28,Centro de Detenção Provisória,Tenetur a aliquid earum dicta commodi delectus.
180,Sr. Lorenzo Abreu,50,Masculino,Homicídio,29,Semiaberto,Sim,Sim,2020-04-18,Prisão Central,Laboriosam qui quae in architecto fugit ad provident.
181,Sr. Breno Oliveira,26,Masculino,Estupro,6,Fechado,Sim,Não,2021-11-22,Centro de Detenção Provisória,Quidem quae facilis totam corporis modi reprehenderit animi provident iusto nobis laudantium eligendi.
182,Laís Leão,18,Masculino,Tráfico de Drogas,5,Aberto,Sim,Não,2022-02-04,Prisão Central,Impedit fugiat magnam nam nisi tempora nobis provident.
183,Daniela da Mota,52,Masculino,Tráfico de Drogas,18,Aberto,Não,Não,2019-08-11,Prisão Central,Fugiat harum eaque consequatur neque nesciunt tenetur illum.
184,Alexandre Moreira,30,Feminino,Furto,29,Fechado,Não,Sim,2023-07-01,Penitenciária Estadual,Facilis consequatur porro numquam incidunt autem debitis quia quidem voluptatibus a quibusdam.
185,Rael Viana,54,Masculino,Roubo,23,Fechado,Não,Não,2022-11-26,Prisão Central,Quas officiis neque quo assumenda architecto minima.
186,Laís Freitas,28,Masculino,Homicídio,27,Fechado,Não,Sim,2016-01-18,Penitenciária Estadual,Adipisci totam perspiciatis blanditiis rem quo nisi eveniet minus temporibus cupiditate voluptates consequuntur.
187,Otávio Vargas,47,Feminino,Furto,14,Aberto,Sim,Não,2024-01-18,Centro de Detenção Provisória,Dolor dolorem illo asperiores recusandae culpa laboriosam eveniet.
188,Dra. Olívia Barros,69,Feminino,Furto,25,Aberto,Sim,Não,2016-07-17,Prisão Central,Laborum blanditiis nemo eos animi blanditiis doloremque eaque aliquid sit perspiciatis cumque.
189,Otto Santos,47,Feminino,Furto,4,Aberto,Não,Não,2019-08-03,Penitenciária Estadual,Sed assumenda minima harum illum praesentium expedita harum explicabo eveniet dolore.
190,Emilly Araújo,36,Feminino,Estupro,1,Semiaberto,Sim,Não,2020-03-12,Penitenciária Estadual,Tenetur in itaque labore illum quia ipsa commodi consectetur ab maxime suscipit officiis.
191,Davi Lucas Vasconcelos,55,Masculino,Estupro,19,Aberto,Não,Não,2021-09-18,Centro de Detenção Provisória,Totam voluptatum ratione minus aspernatur alias facilis laborum error quas excepturi ab temporibus.
192,Dr. Igor Oliveira,58,Masculino,Furto,28,Aberto,Não,Não,2025-02-15,Penitenciária Estadual,Vero molestiae exercitationem incidunt asperiores neque magni aliquam quidem.
193,Leonardo Siqueira,34,Feminino,Homicídio,24,Aberto,Sim,Não,2024-06-15,Prisão Central,Debitis harum quaerat ut odio placeat.
194,Lívia Campos,18,Masculino,Homicídio,28,Fechado,Sim,Não,2020-05-28,Centro de Detenção Provisória,Officia eveniet ullam unde reprehenderit ipsam libero saepe consequuntur qui cupiditate voluptas vel.
195,Sra. Manuella Cunha,22,Feminino,Roubo,9,Semiaberto,Não,Não,2020-06-01,Penitenciária Estadual,Blanditiis quam vero aliquam magnam corporis doloribus laborum placeat.
196,Brayan Araújo,44,Feminino,Tráfico de Drogas,4,Aberto,Não,Não,2020-08-24,Penitenciária Estadual,Odit maxime possimus sint autem aspernatur.
197,Srta. Luísa Jesus,54,Feminino,Homicídio,17,Aberto,Sim,Sim,2024-07-19,Prisão Central,Perferendis debitis voluptates deleniti repellendus facere ipsa odit ab vel odit error iure.
198,Mariah Cardoso,30,Feminino,Roubo,13,Semiaberto,Sim,Não,2024-01-16,Penitenciária Estadual,Accusantium neque eum quas deserunt voluptates eius quos nulla nam doloremque.
199,Matteo Gomes,54,Masculino,Estupro,15,Aberto,Sim,Não,2019-02-17,Centro de Detenção Provisória,Quasi commodi cupiditate iure enim consequatur voluptatem aliquid excepturi quaerat.
200,Sra. Olívia da Mata,70,Masculino,Roubo,8,Semiaberto,Não,Sim,2016-01-31,Centro de Detenção Provisória,Quaerat eum optio quo magnam quis.
201,Alice Cunha,23,Feminino,Estupro,24,Fechado,Não,Não,2017-03-12,Prisão Central,Magni consequatur accusantium voluptate quo maiores odit corporis animi dolorum expedita delectus soluta nesciunt.
202,João Lucas Cavalcante,51,Feminino,Homicídio,18,Aberto,Sim,Sim,2022-11-11,Prisão Central,Magni amet necessitatibus facere atque quia consequatur.
203,Sr. Enrico Sampaio,49,Feminino,Homicídio,17,Fechado,Não,Sim,2019-11-04,Prisão Central,Unde laboriosam dolorem alias non assumenda.
204,Otávio Costela,43,Masculino,Estupro,22,Aberto,Sim,Sim,2024-10-15,Centro de Detenção Provisória,Illo perferendis placeat soluta fugiat quo inventore repellat.
205,Sara da Rosa,49,Masculino,Furto,25,Fechado,Sim,Sim,2023-11-22,Prisão Central,Alias corrupti ipsam totam odio minus possimus nesciunt fuga velit enim.
206,Asafe Pimenta,34,Masculino,Estupro,13,Aberto,Não,Não,2019-10-04,Centro de Detenção Provisória,Sunt dolores perferendis tenetur rem optio vero vel eius vel iure excepturi.
207,Isabela Pacheco,28,Masculino,Estupro,28,Fechado,Não,Não,2017-06-28,Prisão Central,Rerum veritatis recusandae explicabo vel soluta tenetur ullam quo quae quidem numquam.
208,Maria Vitória Abreu,62,Masculino,Roubo,25,Fechado,Sim,Não,2016-01-30,Centro de Detenção Provisória,Ratione tempore voluptas earum sed perferendis soluta.
209,Dra. Agatha Cavalcanti,44,Feminino,Homicídio,27,Semiaberto,Não,Sim,2018-10-16,Prisão Central,Illum totam eum ducimus ratione optio optio enim itaque.
210,Emanuelly Viana,21,Feminino,Furto,19,Fechado,Sim,Não,2023-11-28,Penitenciária Estadual,Commodi ad similique eius officiis odio reprehenderit velit quam autem.
211,Cecília Pinto,52,Masculino,Tráfico de Drogas,25,Aberto,Não,Não,2023-06-20,Centro de Detenção Provisória,Animi porro exercitationem aperiam et exercitationem quasi molestiae neque ducimus ad.
212,Benjamin Cavalcante,46,Feminino,Estupro,30,Fechado,Não,Não,2019-04-22,Penitenciária Estadual,Rerum ducimus aliquid minus exercitationem magni delectus unde unde.
213,Julia da Paz,48,Masculino,Homicídio,2,Fechado,Sim,Sim,2015-09-19,Centro de Detenção Provisória,Voluptatum odio molestias asperiores amet animi impedit explicabo.
214,Asafe Costela,39,Feminino,Roubo,15,Semiaberto,Não,Sim,2019-10-27,Penitenciária Estadual,Molestiae culpa architecto nesciunt voluptate cupiditate non aliquam blanditiis.
215,Mariane Novais,61,Feminino,Roubo,26,Fechado,Sim,Não,2015-11-15,Penitenciária Estadual,Ratione suscipit a sit ut eius ullam commodi sequi ullam occaecati.
216,Milena Moreira,27,Masculino,Homicídio,25,Aberto,Sim,Sim,2024-01-20,Prisão Central,Debitis soluta eos dolor debitis facilis doloremque ducimus distinctio.
217,Enzo Gabriel Cavalcante,70,Masculino,Furto,23,Fechado,Sim,Sim,2020-02-09,Penitenciária Estadual,Libero minima nemo ducimus sint recusandae officiis voluptatum commodi culpa.
218,João Lucas Cavalcante,27,Feminino,Estupro,16,Aberto,Sim,Não,2020-11-07,Penitenciária Estadual,Mollitia voluptatibus esse labore ullam ratione.
219,Bruno Barbosa,62,Masculino,Furto,20,Fechado,Não,Sim,2016-10-16,Centro de Detenção Provisória,Ut repellat quibusdam magni asperiores autem veniam adipisci aperiam nulla.
220,Lucca Leão,59,Masculino,Homicídio,5,Aberto,Sim,Não,2021-05-03,Penitenciária Estadual,Totam reprehenderit corrupti eveniet illo veritatis explicabo ipsum.
221,Isabela Dias,18,Feminino,Homicídio,14,Semiaberto,Sim,Sim,2017-08-31,Centro de Detenção Provisória,Repellendus aliquam aspernatur et error quos cumque alias ipsum.
222,Sra. Agatha Borges,42,Masculino,Tráfico de Drogas,15,Fechado,Não,Sim,2016-07-28,Penitenciária Estadual,Est rerum quam explicabo officiis velit facere similique ad.
223,Helena Brito,67,Feminino,Tráfico de Drogas,24,Aberto,Não,Sim,2022-11-16,Centro de Detenção Provisória,Minus cum necessitatibus beatae iure ex nisi enim vitae ipsum laborum occaecati.
224,Mathias Rezende,18,Feminino,Homicídio,22,Aberto,Não,Não,2016-10-13,Centro de Detenção Provisória,Odit placeat magnam perferendis explicabo fuga perferendis voluptatum recusandae natus officiis.
225,Maria Luiza Castro,55,Feminino,Furto,29,Aberto,Sim,Sim,2021-06-18,Centro de Detenção Provisória,Perspiciatis illum numquam reprehenderit qui labore et dolor error distinctio.
226,Agatha Viana,28,Feminino,Roubo,24,Semiaberto,Sim,Não,2022-01-20,Penitenciária Estadual,Iure expedita facilis sed repellendus labore a itaque itaque nisi.
227,Luara Correia,38,Feminino,Roubo,1,Aberto,Não,Sim,2024-08-12,Penitenciária Estadual,Nobis soluta aliquid doloribus fugiat beatae ea necessitatibus dolores fuga quidem.
228,Srta. Lara Borges,53,Masculino,Furto,16,Fechado,Sim,Não,2023-01-03,Prisão Central,Iste mollitia commodi pariatur voluptate mollitia commodi veritatis distinctio.
229,Gabriela Peixoto,36,Feminino,Homicídio,5,Fechado,Não,Não,2019-10-13,Penitenciária Estadual,Quidem corrupti voluptates sed placeat minima sapiente consectetur sint fugiat architecto.
230,Ana Julia Duarte,25,Masculino,Estupro,13,Semiaberto,Não,Não,2023-03-05,Centro de Detenção Provisória,Atque aliquid iusto vitae placeat harum similique ut similique enim.
231,Maria Alice Ramos,41,Feminino,Tráfico de Drogas,30,Fechado,Sim,Não,2021-01-20,Centro de Detenção Provisória,Fuga quod quam quasi consectetur soluta esse dolorum placeat vel reprehenderit nihil dolor.
232,Mariah da Paz,28,Feminino,Furto,26,Fechado,Não,Sim,2024-12-09,Prisão Central,Similique asperiores magni itaque eum libero.
233,Clarice Araújo,57,Feminino,Estupro,18,Aberto,Sim,Sim,2022-12-30,Centro de Detenção Provisória,Consequuntur doloremque assumenda ut rerum minus.
234,Ana Vitória Siqueira,28,Masculino,Furto,10,Fechado,Não,Sim,2016-04-08,Prisão Central,Voluptates consequatur asperiores voluptate ea occaecati fugiat vitae libero deleniti necessitatibus fugiat inventore.
235,Manuella Alves,38,Masculino,Tráfico de Drogas,8,Aberto,Sim,Não,2023-10-24,Penitenciária Estadual,Officia blanditiis delectus sed quis voluptatum repellendus.
236,Luara Nunes,46,Feminino,Estupro,21,Semiaberto,Não,Não,2015-10-04,Prisão Central,Blanditiis quasi minus cupiditate aut sed molestias pariatur ipsam.
237,Ana Lívia Carvalho,25,Masculino,Furto,28,Fechado,Sim,Não,2016-05-12,Prisão Central,Recusandae possimus molestiae nemo excepturi excepturi repudiandae dignissimos quos culpa voluptas.
238,Ian Silva,56,Feminino,Tráfico de Drogas,2,Semiaberto,Sim,Sim,2018-09-14,Prisão Central,Perspiciatis eveniet ipsum nam similique debitis harum officiis dolorum.
239,Cauã Vargas,58,Masculino,Homicídio,11,Fechado,Sim,Não,2017-04-14,Centro de Detenção Provisória,Repellat aperiam natus dolorum maxime quasi fugiat error sequi doloremque quisquam.
240,Mirella Costela,49,Feminino,Roubo,4,Semiaberto,Sim,Sim,2021-12-27,Prisão Central,Amet ipsum ex culpa officia nulla nemo eaque quos veniam illum amet.
241,Lorenzo Oliveira,48,Masculino,Tráfico de Drogas,7,Semiaberto,Sim,Não,2024-07-19,Centro de Detenção Provisória,Earum est rem architecto et amet quos incidunt.
242,Oliver da Conceição,43,Feminino,Homicídio,12,Aberto,Sim,Sim,2015-06-03,Prisão Central,Id explicabo possimus minus officiis in ipsam eius.
243,Anthony Gabriel Casa Grande,21,Feminino,Tráfico de Drogas,3,Semiaberto,Sim,Não,2018-04-28,Penitenciária Estadual,Velit repudiandae quibusdam perspiciatis iure deserunt autem provident fugiat officiis ipsam.
244,Mathias da Rocha,38,Masculino,Estupro,14,Semiaberto,Sim,Sim,2021-04-18,Centro de Detenção Provisória,Blanditiis aut minima unde nesciunt porro accusantium perferendis perferendis.
245,Leonardo Cirino,60,Masculino,Furto,12,Fechado,Não,Sim,2021-10-21,Penitenciária Estadual,Earum ratione delectus sapiente totam illo praesentium.
246,Miguel Cavalcante,65,Masculino,Tráfico de Drogas,22,Aberto,Não,Sim,2016-09-24,Prisão Central,Eveniet aspernatur sunt totam laborum dolores.
247,Bárbara Mendonça,66,Masculino,Estupro,6,Aberto,Sim,Sim,2021-06-29,Prisão Central,Rem explicabo et dolorum facere tenetur deserunt voluptas explicabo error cum illo.
248,Sr. Arthur Gabriel Novais,50,Masculino,Tráfico de Drogas,18,Fechado,Sim,Sim,2021-10-18,Centro de Detenção Provisória,Quos vero tenetur commodi veritatis magni quibusdam.
249,Maria Vitória Câmara,52,Feminino,Homicídio,1,Fechado,Sim,Sim,2024-03-20,Prisão Central,Dolores nesciunt optio sed enim asperiores ex odio earum ratione fuga deserunt similique neque.
250,Srta. Sophie Ramos,26,Masculino,Homicídio,3,Aberto,Sim,Não,2016-08-12,Penitenciária Estadual,In dolor reiciendis aliquam nam eaque recusandae maxime tempora nemo accusamus.
251,João Miguel Barros,57,Masculino,Estupro,19,Aberto,Não,Não,2021-10-27,Centro de Detenção Provisória,Illo placeat tempora ipsa quos eum ab nam placeat animi veniam libero.
252,Erick Araújo,40,Masculino,Furto,21,Semiaberto,Não,Sim,2018-09-01,Prisão Central,Neque dolorem impedit dicta ullam commodi harum officia aut saepe.
253,Dra. Brenda Cassiano,58,Masculino,Furto,22,Aberto,Não,Não,2024-09-07,Centro de Detenção Provisória,Vitae distinctio in non quod aut ex consequatur ut enim doloremque.
254,Maria Cecília Porto,38,Feminino,Roubo,9,Fechado,Sim,Sim,2015-09-26,Prisão Central,Magnam id quod in unde expedita minima adipisci fugit veritatis ipsam dolorem adipisci.
255,Benjamim Pires,44,Masculino,Tráfico de Drogas,17,Semiaberto,Não,Não,2023-02-21,Prisão Central,Consequatur alias quam voluptas laborum quo eligendi culpa id quidem.
256,Emilly Viana,34,Feminino,Furto,29,Semiaberto,Não,Não,2021-11-19,Centro de Detenção Provisória,Ab at molestiae aliquid recusandae saepe occaecati aut quibusdam repellat voluptatem unde.
257,Bento Guerra,60,Feminino,Roubo,16,Fechado,Não,Não,2015-10-07,Penitenciária Estadual,Beatae recusandae voluptate vitae iste voluptatibus porro quos voluptate et eaque modi ut.
258,Yuri Sousa,65,Masculino,Tráfico de Drogas,29,Aberto,Não,Não,2017-02-16,Prisão Central,Tempore provident repudiandae natus nobis excepturi nesciunt modi.
259,Arthur Fonseca,60,Feminino,Estupro,15,Aberto,Sim,Sim,2015-08-08,Prisão Central,Facere maxime tenetur adipisci veniam quaerat veniam natus adipisci possimus minima quae.
260,Theo Teixeira,52,Masculino,Tráfico de Drogas,17,Aberto,Sim,Sim,2016-03-07,Prisão Central,Eveniet facere ab quod quo porro suscipit repellat quos deleniti occaecati voluptate.
261,Maria Liz Sá,49,Feminino,Furto,16,Aberto,Não,Não,2024-01-08,Prisão Central,Eaque dolore esse rerum exercitationem aperiam provident libero est quisquam fuga laudantium veritatis.
262,Isabella Sampaio,60,Feminino,Furto,26,Fechado,Não,Não,2025-02-21,Centro de Detenção Provisória,Cupiditate molestiae non expedita reiciendis rerum consequuntur provident similique tempora sequi pariatur.
263,Maria Luiza Barbosa,60,Feminino,Homicídio,26,Semiaberto,Não,Sim,2019-06-11,Prisão Central,Quidem natus officiis voluptates voluptatibus ullam culpa accusantium aspernatur corrupti recusandae.
264,Stephany Garcia,55,Masculino,Tráfico de Drogas,2,Fechado,Sim,Sim,2024-10-10,Centro de Detenção Provisória,Quis optio magni aspernatur quod voluptates.
265,Luiz Felipe Martins,30,Feminino,Homicídio,3,Semiaberto,Não,Não,2023-08-09,Prisão Central,Dignissimos natus maiores eaque aliquid itaque laudantium quasi.
266,João Pedro Ferreira,64,Masculino,Homicídio,11,Semiaberto,Sim,Não,2020-05-24,Centro de Detenção Provisória,Magni vitae nulla ea vel minima esse.
267,Augusto Cassiano,35,Feminino,Estupro,22,Fechado,Sim,Não,2018-09-02,Prisão Central,Vel quo laudantium quae iste sed harum numquam quaerat ad placeat odio.
268,Ester Silveira,55,Masculino,Homicídio,23,Aberto,Não,Não,2015-04-06,Prisão Central,Non reiciendis commodi temporibus corporis laboriosam voluptas maiores debitis qui accusantium sequi.
269,Diego Ribeiro,62,Masculino,Furto,15,Aberto,Sim,Sim,2015-10-26,Penitenciária Estadual,Ipsum error tenetur animi recusandae eum in explicabo incidunt illo cumque quos quam.
270,Breno da Paz,33,Feminino,Furto,27,Fechado,Não,Sim,2015-06-30,Centro de Detenção Provisória,Et laudantium nobis optio temporibus sunt sit laboriosam nulla inventore voluptas placeat neque aperiam.
271,Beatriz Novais,45,Masculino,Roubo,18,Semiaberto,Não,Não,2023-06-16,Centro de Detenção Provisória,Cumque dignissimos sequi sunt distinctio totam exercitationem assumenda.
272,Giovanna Sousa,24,Feminino,Estupro,28,Aberto,Não,Sim,2018-07-13,Penitenciária Estadual,Ratione alias at eum autem eius distinctio consequatur rerum voluptas dolorum fugit itaque.
273,Maria Campos,19,Feminino,Roubo,1,Fechado,Sim,Não,2017-11-18,Centro de Detenção Provisória,Debitis tempore nostrum necessitatibus repudiandae dignissimos.
274,Sr. Gustavo Souza,54,Masculino,Homicídio,1,Aberto,Não,Não,2024-09-04,Centro de Detenção Provisória,Quis rem dolore ea deleniti voluptatibus numquam pariatur molestiae.
275,Enzo Gabriel Oliveira,49,Feminino,Roubo,26,Aberto,Sim,Não,2019-02-15,Penitenciária Estadual,Fugiat id aperiam ipsam consequatur doloribus ratione architecto.
276,Caroline da Mata,44,Feminino,Roubo,3,Semiaberto,Sim,Não,2015-08-26,Centro de Detenção Provisória,Maxime cum odio eum rerum maxime ipsam ipsam.
277,Oliver Costela,63,Feminino,Homicídio,9,Aberto,Sim,Sim,2024-10-17,Prisão Central,Aut aut iste explicabo assumenda hic dolorem reprehenderit at.
278,Benício Vieira,43,Feminino,Roubo,1,Aberto,Não,Sim,2019-08-09,Centro de Detenção Provisória,Quos nam consequuntur libero quisquam earum in.
279,Zoe Gonçalves,55,Feminino,Furto,13,Fechado,Sim,Não,2017-10-05,Penitenciária Estadual,Voluptatem fugit pariatur facilis magnam praesentium non.
280,Dr. Renan Fonseca,66,Masculino,Furto,19,Semiaberto,Sim,Não,2023-10-07,Prisão Central,Quas architecto quia eaque velit corporis accusantium.
281,Srta. Lara Nascimento,25,Feminino,Furto,22,Aberto,Não,Sim,2020-09-27,Penitenciária Estadual,Delectus iste repudiandae praesentium libero eaque sit aliquam ratione quo minus repellat sequi.
282,Liam Rocha,42,Masculino,Roubo,9,Aberto,Não,Sim,2025-03-23,Penitenciária Estadual,Sit mollitia nisi quo nulla esse necessitatibus blanditiis.
283,Srta. Ana Laura Andrade,23,Masculino,Tráfico de Drogas,12,Semiaberto,Sim,Não,2024-06-03,Prisão Central,Officiis mollitia ullam autem molestiae sed neque sequi odit eligendi odit officia.
284,Ana Clara Andrade,31,Feminino,Homicídio,3,Fechado,Não,Não,2021-04-24,Penitenciária Estadual,Quis suscipit temporibus dignissimos distinctio ea magnam odio similique sunt eius nisi unde.
285,Maysa Caldeira,56,Feminino,Tráfico de Drogas,12,Semiaberto,Não,Não,2020-03-03,Centro de Detenção Provisória,Officia sint unde ipsum deserunt voluptatum dolorum placeat corrupti provident.
286,Letícia Campos,62,Masculino,Homicídio,24,Fechado,Sim,Não,2022-11-20,Penitenciária Estadual,Pariatur nemo cupiditate tempore numquam provident iusto nihil laboriosam excepturi sapiente minus.
287,Pedro Lucas Novais,66,Feminino,Tráfico de Drogas,11,Fechado,Não,Não,2015-10-21,Prisão Central,Cupiditate et provident amet officia ab est libero vitae totam in.
288,Cecilia Pacheco,62,Feminino,Homicídio,14,Semiaberto,Não,Não,2016-04-01,Penitenciária Estadual,Repudiandae ab nisi asperiores tenetur minus vero inventore dolor accusantium.
289,Davi Lucca Melo,60,Masculino,Homicídio,20,Fechado,Sim,Não,2024-08-03,Prisão Central,Sunt reiciendis cumque dolorum esse eius at autem quisquam distinctio labore ratione.
290,Mirella Leão,49,Masculino,Roubo,9,Semiaberto,Não,Sim,2017-12-12,Centro de Detenção Provisória,Amet voluptatibus consequatur officia sequi tempora quos.
291,Srta. Sabrina Costela,38,Masculino,Tráfico de Drogas,28,Semiaberto,Sim,Sim,2018-01-25,Centro de Detenção Provisória,Facilis voluptatem dolorem sequi et deserunt nam.
292,Pietra Farias,61,Feminino,Estupro,28,Semiaberto,Não,Não,2021-03-02,Centro de Detenção Provisória,Fugit vero sapiente voluptate sed maxime necessitatibus distinctio facere atque.
293,Dr. Benjamin Novaes,52,Masculino,Homicídio,13,Fechado,Sim,Sim,2019-05-26,Centro de Detenção Provisória,Quidem placeat cumque recusandae eveniet eaque aspernatur illum animi accusantium.
294,José Miguel Andrade,19,Masculino,Homicídio,3,Aberto,Não,Sim,2023-06-11,Penitenciária Estadual,Eaque ab ex assumenda debitis ab.
295,Léo Cavalcanti,44,Feminino,Roubo,27,Fechado,Não,Não,2022-06-20,Penitenciária Estadual,Necessitatibus fuga culpa animi consequatur iste incidunt iusto ea neque dolorum.
296,Gael Dias,55,Masculino,Estupro,15,Fechado,Não,Não,2016-01-28,Prisão Central,Fuga rerum ab sit voluptate magni voluptatum repellat.
297,Luísa Rodrigues,54,Masculino,Furto,5,Semiaberto,Não,Não,2024-06-17,Penitenciária Estadual,Est saepe eaque reiciendis corrupti odio eligendi cupiditate numquam beatae dolore perspiciatis odio.
298,Maria Fernanda Rezende,56,Feminino,Roubo,9,Semiaberto,Sim,Sim,2021-08-01,Penitenciária Estadual,Voluptates iure eos unde non dolor culpa excepturi recusandae expedita ipsa libero deserunt.
299,Arthur Miguel Cavalcante,69,Feminino,Tráfico de Drogas,25,Fechado,Não,Sim,2019-03-02,Prisão Central,Odit iste fuga vel est error.
300,Sophie Montenegro,55,Feminino,Furto,4,Aberto,Não,Sim,2019-12-28,Centro de Detenção Provisória,Officiis pariatur iure harum sint repudiandae et voluptate itaque eaque porro illum.
301,Fernando Cardoso,61,Feminino,Furto,25,Fechado,Sim,Não,2018-03-06,Penitenciária Estadual,Commodi provident iusto incidunt tenetur ex minima.
302,Antony Souza,54,Masculino,Estupro,25,Aberto,Sim,Sim,2020-03-23,Prisão Central,Distinctio officia aliquid itaque necessitatibus cum.
303,Giovanna Albuquerque,39,Feminino,Roubo,21,Fechado,Não,Não,2019-10-27,Penitenciária Estadual,Numquam neque mollitia quod eligendi beatae porro molestiae.
304,Vinicius Fonseca,36,Masculino,Estupro,15,Semiaberto,Não,Sim,2018-12-08,Centro de Detenção Provisória,Assumenda ullam quisquam voluptas fugiat inventore magni quis nobis ut molestias vitae.
305,Luna da Luz,67,Masculino,Furto,3,Aberto,Sim,Não,2019-03-19,Penitenciária Estadual,Expedita alias placeat accusamus dignissimos iste eligendi eveniet voluptatibus est ab.
306,Alana Aparecida,18,Masculino,Furto,15,Semiaberto,Não,Sim,2022-10-14,Centro de Detenção Provisória,Harum veniam exercitationem libero dolore culpa dicta labore nostrum occaecati.
307,Maria Liz Duarte,28,Feminino,Estupro,19,Fechado,Sim,Sim,2018-02-04,Centro de Detenção Provisória,Rem laboriosam saepe reprehenderit numquam voluptate eius eaque delectus est eum.
308,Otávio Sampaio,46,Masculino,Roubo,29,Aberto,Sim,Não,2015-11-16,Penitenciária Estadual,Harum nulla illum debitis harum autem fuga.
309,Pedro Miguel Mendonça,40,Feminino,Homicídio,29,Fechado,Não,Sim,2019-03-24,Penitenciária Estadual,Excepturi fuga repudiandae libero nulla tenetur quos autem reprehenderit ut consequuntur.
310,Isabel Alves,38,Feminino,Tráfico de Drogas,10,Aberto,Sim,Não,2022-12-15,Penitenciária Estadual,Impedit laboriosam architecto fugit voluptatem excepturi accusamus magni temporibus iure possimus fuga.
311,Sra. Aylla Vieira,69,Feminino,Estupro,5,Semiaberto,Não,Sim,2015-03-28,Centro de Detenção Provisória,Sit temporibus nobis atque alias sequi consectetur facilis eligendi ipsa natus laborum.
312,Sra. Bella Vasconcelos,41,Masculino,Furto,29,Semiaberto,Não,Sim,2023-10-14,Penitenciária Estadual,Nostrum veritatis tempore eaque quisquam ea officia eum error doloribus.
313,Dr. Bruno da Paz,59,Feminino,Estupro,9,Aberto,Não,Sim,2018-09-26,Penitenciária Estadual,Alias quam sapiente iure quia dignissimos eligendi repudiandae debitis autem necessitatibus ipsam.
314,Emanuella Cassiano,42,Masculino,Furto,8,Semiaberto,Sim,Não,2021-01-05,Penitenciária Estadual,Numquam enim aut eos facere ab.
315,Brayan Souza,28,Masculino,Furto,22,Fechado,Não,Sim,2021-03-26,Prisão Central,Sint ipsa similique culpa tenetur quisquam ut dolore eius quia deleniti saepe.
316,Paulo Aragão,70,Masculino,Estupro,3,Semiaberto,Não,Sim,2020-06-24,Centro de Detenção Provisória,Est vel illum iusto unde quod eligendi similique in autem.
317,Srta. Mirella Rezende,40,Masculino,Homicídio,19,Fechado,Não,Não,2020-11-29,Penitenciária Estadual,Cumque non repudiandae quam ea mollitia.
318,Paulo Souza,31,Feminino,Homicídio,14,Aberto,Não,Não,2022-03-15,Prisão Central,Illo est rem quas quam nemo amet officia iure sapiente voluptatibus esse.
319,Manuella Casa Grande,20,Feminino,Estupro,12,Fechado,Sim,Sim,2016-05-14,Penitenciária Estadual,Earum aliquam necessitatibus delectus libero cumque facere mollitia dolorum ab perferendis.
320,Rodrigo Montenegro,29,Feminino,Homicídio,24,Fechado,Sim,Sim,2022-07-30,Penitenciária Estadual,Suscipit ab autem similique sapiente veritatis qui delectus vitae maiores.
321,Alícia Correia,19,Masculino,Estupro,12,Fechado,Sim,Sim,2024-12-22,Penitenciária Estadual,Necessitatibus laborum eveniet sapiente iure odio veniam a ad eos amet voluptates magni.
322,Isaac Andrade,47,Masculino,Furto,26,Semiaberto,Sim,Sim,2016-08-30,Penitenciária Estadual,Saepe explicabo explicabo deleniti iure voluptatum.
323,Emilly Novaes,31,Feminino,Homicídio,9,Aberto,Sim,Não,2016-02-10,Centro de Detenção Provisória,Laboriosam provident impedit exercitationem dolorem natus quidem iusto ducimus tempore.
324,Yago Duarte,20,Feminino,Estupro,28,Aberto,Sim,Sim,2024-01-12,Penitenciária Estadual,Sapiente adipisci accusantium sequi distinctio voluptate reprehenderit ab.
325,Luna Costela,45,Feminino,Estupro,2,Fechado,Não,Sim,2019-11-21,Penitenciária Estadual,Reiciendis autem maiores accusamus magnam nostrum quas voluptatum.
326,Raul Cavalcanti,56,Masculino,Estupro,11,Fechado,Sim,Sim,2022-08-14,Prisão Central,Repudiandae ab animi atque at aut praesentium vitae occaecati sunt excepturi facilis quod.
327,Dr. Caleb Porto,53,Masculino,Tráfico de Drogas,16,Fechado,Sim,Sim,2023-11-30,Penitenciária Estadual,Modi alias amet esse soluta porro assumenda reprehenderit laudantium.
328,Srta. Amanda Castro,32,Masculino,Homicídio,20,Aberto,Não,Não,2016-09-06,Prisão Central,Ut sapiente deserunt saepe ipsam architecto consequuntur et voluptates deleniti praesentium nisi velit.
329,Laura Viana,38,Masculino,Estupro,23,Aberto,Não,Não,2024-01-07,Prisão Central,Quibusdam nesciunt unde quasi eaque excepturi maxime esse aspernatur excepturi commodi maiores.
330,Yago Pastor,63,Feminino,Furto,13,Semiaberto,Sim,Não,2016-09-07,Prisão Central,Sint magnam ipsam ipsam fugit voluptates reiciendis sed qui occaecati molestias occaecati.
331,Brayan da Rocha,42,Feminino,Homicídio,1,Fechado,Sim,Não,2023-06-01,Centro de Detenção Provisória,A voluptatibus a assumenda repellat vitae qui.
332,Dr. Caleb Oliveira,63,Masculino,Roubo,15,Semiaberto,Sim,Não,2025-03-01,Penitenciária Estadual,Animi consectetur laudantium quibusdam impedit accusamus sunt praesentium.
333,Murilo Duarte,46,Masculino,Homicídio,6,Semiaberto,Não,Sim,2018-03-23,Penitenciária Estadual,Maxime laborum ullam cupiditate deleniti culpa.
334,Yasmin Mendes,45,Feminino,Tráfico de Drogas,17,Semiaberto,Sim,Sim,2023-12-06,Centro de Detenção Provisória,Molestias alias quidem ipsa similique eveniet natus.
335,Alana Abreu,33,Masculino,Furto,19,Fechado,Não,Sim,2024-07-17,Prisão Central,Consequuntur doloremque aliquid animi repellat mollitia libero molestiae eius eligendi neque.
336,Maria Cecília Sampaio,63,Feminino,Roubo,14,Fechado,Sim,Sim,2020-11-04,Centro de Detenção Provisória,Necessitatibus soluta animi delectus voluptatibus dolorem et quisquam exercitationem.
337,Lucca Lopes,61,Masculino,Tráfico de Drogas,5,Fechado,Sim,Sim,2021-08-09,Prisão Central,Unde modi culpa ex earum sit aperiam voluptates occaecati quas similique.
338,Heloisa Montenegro,62,Masculino,Roubo,26,Aberto,Sim,Sim,2024-05-10,Centro de Detenção Provisória,Aliquam sapiente hic voluptate eum laborum doloribus molestias quaerat non temporibus.
339,Bento Jesus,26,Masculino,Furto,29,Fechado,Não,Não,2017-07-03,Penitenciária Estadual,Impedit quam consequatur molestiae aspernatur animi perferendis laborum corporis nulla mollitia unde sapiente nulla.
340,Maria Laura Mendonça,52,Masculino,Roubo,12,Semiaberto,Sim,Sim,2024-10-04,Penitenciária Estadual,Voluptatem minima totam quos sed iste accusamus laborum dolor illum quae dignissimos.
341,Otto Garcia,36,Masculino,Furto,25,Aberto,Sim,Sim,2022-03-18,Prisão Central,Tempora libero fugit tenetur rerum vitae maxime vero.
342,Luiz Fernando Rodrigues,32,Masculino,Furto,29,Aberto,Sim,Sim,2016-04-27,Penitenciária Estadual,Eius atque nesciunt temporibus ea odit nemo qui accusamus.
343,Evelyn da Mata,42,Masculino,Tráfico de Drogas,22,Fechado,Sim,Não,2020-07-26,Prisão Central,Officiis assumenda modi deserunt mollitia illo corporis in ipsum.
344,Mariane Cassiano,69,Feminino,Tráfico de Drogas,15,Aberto,Não,Sim,2022-05-21,Centro de Detenção Provisória,Similique deleniti distinctio delectus beatae suscipit.
345,Vinicius Nogueira,70,Masculino,Tráfico de Drogas,17,Semiaberto,Não,Sim,2015-05-16,Prisão Central,Distinctio corrupti error cumque debitis occaecati cumque laboriosam animi nemo accusantium tenetur atque.
346,Sr. Arthur Caldeira,52,Feminino,Furto,23,Fechado,Não,Sim,2016-03-19,Centro de Detenção Provisória,Beatae recusandae rerum provident aliquid eius non.
347,Lorenzo Cavalcanti,59,Feminino,Tráfico de Drogas,26,Semiaberto,Não,Não,2019-10-17,Prisão Central,Reiciendis in sed nisi inventore debitis.
348,Maria Liz da Paz,48,Feminino,Estupro,2,Fechado,Não,Sim,2025-01-03,Prisão Central,Odio labore maiores alias sed ullam hic dolor debitis exercitationem aliquam.
349,Apollo Moura,55,Masculino,Tráfico de Drogas,30,Aberto,Não,Não,2022-06-29,Prisão Central,Rem tempore optio sapiente deserunt vitae omnis magni ipsam.
350,Nina Jesus,50,Feminino,Furto,30,Aberto,Não,Sim,2024-06-07,Penitenciária Estadual,Ex distinctio optio alias omnis beatae aliquid.
351,Ryan Pastor,37,Masculino,Roubo,28,Fechado,Sim,Sim,2020-06-09,Prisão Central,Est numquam atque quae commodi laudantium animi.
352,Sra. Zoe Rocha,33,Masculino,Furto,19,Semiaberto,Não,Não,2022-02-15,Penitenciária Estadual,Aut eaque in ipsa repudiandae mollitia eum voluptas.
353,Ester Teixeira,39,Masculino,Homicídio,8,Semiaberto,Sim,Sim,2023-03-02,Prisão Central,Eum pariatur nostrum veritatis exercitationem sint nihil odio occaecati nulla molestias fugit.
354,Maria Flor Nascimento,31,Masculino,Roubo,27,Aberto,Não,Não,2015-07-21,Penitenciária Estadual,Ratione at maiores iste quo minus voluptates ut esse architecto blanditiis.
355,Lívia Cavalcante,18,Masculino,Estupro,3,Fechado,Sim,Não,2017-06-13,Centro de Detenção Provisória,Natus iste aut saepe ipsa velit commodi architecto sed beatae.
356,Manuela Farias,68,Feminino,Furto,13,Fechado,Não,Não,2021-01-22,Penitenciária Estadual,Ratione architecto non nihil ipsam fugit odio reiciendis sunt tenetur dolor in dolor.
357,Diego Correia,46,Masculino,Furto,3,Fechado,Sim,Não,2022-01-31,Penitenciária Estadual,Voluptas labore repellat sequi doloremque eaque magni unde expedita accusantium amet possimus.
358,Ian Cavalcanti,42,Feminino,Homicídio,18,Semiaberto,Não,Não,2023-05-28,Penitenciária Estadual,Repudiandae molestias dolor numquam sint maiores ullam non eos delectus.
359,Nicolas Gomes,50,Feminino,Tráfico de Drogas,17,Aberto,Não,Não,2015-11-21,Prisão Central,Illum incidunt necessitatibus deserunt illum non reiciendis libero exercitationem velit facere.
360,Marcela Vieira,25,Masculino,Furto,2,Aberto,Sim,Sim,2022-11-29,Penitenciária Estadual,Iusto aperiam perferendis laborum odit assumenda consectetur aspernatur magni necessitatibus placeat.
361,Luiza Sampaio,38,Masculino,Furto,3,Semiaberto,Não,Não,2017-02-25,Centro de Detenção Provisória,Tempore est iste repudiandae rerum repudiandae quos consequatur ipsam excepturi voluptas.
362,Gael da Costa,50,Masculino,Tráfico de Drogas,4,Aberto,Não,Sim,2017-03-14,Centro de Detenção Provisória,Maiores tempora soluta quidem sed voluptatem laudantium veritatis porro.
363,Theo Silva,61,Feminino,Roubo,27,Semiaberto,Sim,Sim,2016-03-17,Penitenciária Estadual,Ullam pariatur cupiditate voluptatem explicabo eligendi ut temporibus odio.
364,João Lucas Oliveira,22,Feminino,Estupro,13,Fechado,Sim,Não,2022-08-29,Prisão Central,Repellendus nulla ipsam impedit deserunt minus architecto similique assumenda at reprehenderit temporibus.
365,Isabelly da Cruz,67,Masculino,Tráfico de Drogas,3,Aberto,Sim,Sim,2025-02-10,Prisão Central,Totam incidunt saepe ducimus quibusdam consequatur voluptates eveniet consequuntur velit.
366,Dra. Ana Laura Correia,39,Masculino,Homicídio,24,Aberto,Sim,Não,2015-07-22,Penitenciária Estadual,Ut placeat deserunt possimus minima rerum.
367,Pietra Pinto,54,Feminino,Homicídio,3,Aberto,Sim,Sim,2015-07-02,Prisão Central,Tempora pariatur quidem voluptas maiores eveniet possimus eius aliquid fugiat eius eligendi impedit.
368,Dr. Gael da Cruz,69,Feminino,Tráfico de Drogas,12,Semiaberto,Não,Não,2021-04-25,Prisão Central,Aspernatur placeat fugiat temporibus excepturi earum possimus assumenda rerum maiores distinctio quisquam corrupti.
369,Sra. Manuela Albuquerque,27,Feminino,Homicídio,6,Aberto,Sim,Sim,2018-12-31,Centro de Detenção Provisória,Blanditiis nemo omnis pariatur quisquam officiis quis nisi.
370,Emanuel Sampaio,46,Feminino,Furto,5,Aberto,Não,Não,2021-01-03,Prisão Central,Quaerat voluptatem earum nostrum iure quidem voluptatibus veritatis enim aliquam.
371,Dr. Daniel Lopes,21,Masculino,Tráfico de Drogas,11,Aberto,Sim,Não,2018-01-26,Centro de Detenção Provisória,Laboriosam architecto totam numquam saepe ut aspernatur.
372,Joaquim Mendonça,28,Feminino,Tráfico de Drogas,15,Semiaberto,Sim,Sim,2017-10-23,Penitenciária Estadual,Tempore unde cum tempore vitae voluptatibus nam.
373,José Miguel da Paz,64,Feminino,Tráfico de Drogas,19,Semiaberto,Sim,Sim,2021-01-30,Prisão Central,Ut accusamus beatae nihil a maxime odio cupiditate minima.
374,Eduarda das Neves,46,Masculino,Homicídio,20,Semiaberto,Sim,Não,2021-07-06,Centro de Detenção Provisória,At architecto incidunt quia provident nostrum inventore doloribus accusamus expedita nulla blanditiis.
375,Sra. Sarah Moreira,43,Masculino,Roubo,21,Fechado,Não,Sim,2023-06-10,Centro de Detenção Provisória,Officiis optio eligendi illum tempora harum sint sit tenetur placeat veniam et est.
376,Bento Novaes,52,Feminino,Tráfico de Drogas,27,Aberto,Sim,Não,2022-05-01,Penitenciária Estadual,Minus recusandae enim esse laudantium nisi magni suscipit explicabo similique quam aut exercitationem.
377,Nicole Sales,41,Feminino,Homicídio,11,Aberto,Não,Não,2022-06-26,Penitenciária Estadual,Accusamus iste beatae recusandae eligendi perspiciatis debitis fugiat ullam sapiente ad.
378,Nathan da Cruz,24,Feminino,Estupro,8,Aberto,Não,Não,2015-11-20,Centro de Detenção Provisória,Sequi deserunt dolore labore perspiciatis cumque.
379,Caio Santos,58,Masculino,Furto,2,Semiaberto,Sim,Não,2016-06-06,Centro de Detenção Provisória,Soluta reprehenderit nostrum praesentium aliquam expedita.
380,Giovanna Porto,70,Feminino,Furto,21,Aberto,Sim,Sim,2017-07-18,Centro de Detenção Provisória,Optio adipisci iure cupiditate consequuntur neque quae natus illo quam nisi.
381,Melissa Aparecida,28,Feminino,Estupro,25,Aberto,Não,Não,2022-10-07,Prisão Central,Quo tenetur molestias repellat quia quas explicabo sed blanditiis illo aliquid voluptatem sapiente.
382,Manuela Nogueira,21,Masculino,Furto,8,Aberto,Sim,Não,2021-10-20,Penitenciária Estadual,Ex nesciunt neque atque consequuntur asperiores quod eligendi voluptate expedita animi.
383,Letícia Mendes,49,Feminino,Furto,8,Aberto,Sim,Não,2018-10-14,Prisão Central,Nesciunt earum non deleniti accusantium explicabo.
384,Maria Helena Rodrigues,68,Feminino,Estupro,23,Semiaberto,Sim,Sim,2016-12-09,Penitenciária Estadual,Repellendus velit consectetur dolores odio dolore minima vel esse.
385,Anthony Moraes,37,Masculino,Homicídio,14,Aberto,Sim,Sim,2024-10-25,Prisão Central,Nemo eligendi cum modi numquam ad pariatur cupiditate dolorem provident repellat voluptate nobis.
386,Luiz Henrique Siqueira,53,Masculino,Furto,24,Aberto,Sim,Sim,2023-09-09,Penitenciária Estadual,At esse maxime rem consequuntur animi eius molestiae et nesciunt soluta.
387,João Gabriel Rodrigues,35,Masculino,Furto,24,Semiaberto,Não,Sim,2015-08-19,Centro de Detenção Provisória,In nam quos beatae dolorem neque.
388,Ana Julia Oliveira,63,Masculino,Furto,3,Fechado,Sim,Não,2022-10-07,Penitenciária Estadual,Qui nostrum quasi blanditiis sapiente corrupti exercitationem animi.
389,Mateus da Mota,55,Masculino,Homicídio,20,Semiaberto,Sim,Não,2015-12-11,Penitenciária Estadual,Tenetur ducimus impedit eveniet neque quod cupiditate ut autem itaque incidunt modi vitae.
390,Diogo Caldeira,65,Feminino,Furto,27,Semiaberto,Sim,Sim,2016-07-03,Penitenciária Estadual,Rem nulla tenetur a dignissimos eaque repudiandae cumque accusantium nisi.
391,Bento Camargo,31,Feminino,Roubo,4,Fechado,Sim,Sim,2018-12-02,Prisão Central,Quis facere sapiente sapiente odit asperiores eum fugit ad.
392,Sr. Mateus Borges,45,Feminino,Homicídio,15,Aberto,Não,Não,2019-12-30,Centro de Detenção Provisória,Expedita modi numquam eum molestias vel.
393,João Lucas Monteiro,45,Masculino,Roubo,19,Aberto,Sim,Sim,2015-10-19,Penitenciária Estadual,Sapiente ullam sapiente dolor dolor tempore repellendus veniam et doloribus iure.
394,Bruno Cavalcanti,66,Feminino,Estupro,30,Semiaberto,Sim,Sim,2022-11-07,Penitenciária Estadual,Repellendus commodi odit maxime corporis in eos nemo doloribus.
395,Júlia Farias,24,Masculino,Furto,12,Aberto,Não,Sim,2023-09-10,Prisão Central,Molestias occaecati excepturi quam minus repudiandae ullam placeat maiores quia voluptas.
396,Sr. Benjamim da Cunha,63,Masculino,Homicídio,6,Semiaberto,Sim,Sim,2016-08-15,Penitenciária Estadual,Minus quibusdam ea eum in pariatur laboriosam autem blanditiis.
397,Maria Helena Moura,37,Feminino,Tráfico de Drogas,18,Fechado,Sim,Sim,2017-02-06,Centro de Detenção Provisória,Minus debitis dolores alias voluptatem minima pariatur provident.
398,Sarah Rios,41,Feminino,Furto,21,Aberto,Sim,Sim,2023-10-01,Penitenciária Estadual,Ducimus laborum corrupti sint amet non deserunt.
399,Sra. Luara Andrade,60,Masculino,Roubo,13,Aberto,Sim,Sim,2020-07-27,Penitenciária Estadual,Blanditiis dolores ipsam quasi dolorem veritatis ex delectus cum alias.
400,João Vitor Correia,54,Masculino,Roubo,30,Aberto,Não,Não,2023-04-07,Prisão Central,Libero modi unde dignissimos accusantium est porro quos quaerat quae beatae.
401,Marcela Macedo,64,Feminino,Homicídio,27,Fechado,Sim,Não,2020-11-22,Penitenciária Estadual,Facilis eos quae numquam eos laudantium pariatur eligendi voluptatem reprehenderit.
402,Breno Pastor,63,Feminino,Roubo,11,Fechado,Não,Sim,2023-11-26,Centro de Detenção Provisória,Harum temporibus iusto explicabo perspiciatis laboriosam amet incidunt voluptate magni ipsam sequi enim.
403,Melina Leão,42,Masculino,Furto,21,Aberto,Sim,Não,2017-02-15,Centro de Detenção Provisória,Libero accusamus praesentium excepturi cumque sit facilis voluptates.
404,Carlos Eduardo Pastor,68,Masculino,Homicídio,14,Fechado,Não,Sim,2018-08-09,Centro de Detenção Provisória,Error harum quis magnam temporibus delectus temporibus rerum.
405,Mathias Garcia,30,Feminino,Roubo,7,Semiaberto,Sim,Não,2022-04-22,Penitenciária Estadual,Qui doloremque consequuntur perferendis unde atque optio quia accusamus et labore expedita.
406,Zoe da Costa,64,Masculino,Furto,2,Aberto,Sim,Sim,2019-04-12,Centro de Detenção Provisória,Maxime labore quasi provident dicta natus.
407,Jade Cavalcante,31,Masculino,Homicídio,27,Aberto,Sim,Não,2017-06-17,Prisão Central,Explicabo voluptatibus quibusdam delectus laboriosam deserunt eligendi at quae sequi repudiandae quas.
408,Ian da Rosa,42,Feminino,Estupro,4,Semiaberto,Não,Sim,2019-06-22,Prisão Central,Quod exercitationem quidem magnam aliquam voluptatibus magnam ullam.
409,André Fogaça,65,Feminino,Roubo,2,Aberto,Não,Não,2020-12-24,Prisão Central,Sit explicabo corrupti voluptatum fuga repellat accusantium ullam et iure modi.
410,Gabriel Rezende,39,Masculino,Tráfico de Drogas,6,Aberto,Não,Não,2023-07-26,Penitenciária Estadual,Accusamus amet quidem molestias nam ipsum libero eaque omnis harum quibusdam molestias optio.
411,Brenda da Luz,57,Masculino,Tráfico de Drogas,9,Fechado,Não,Sim,2025-01-21,Penitenciária Estadual,Vitae itaque deserunt reiciendis harum tempora perferendis suscipit.
412,Isis Sales,52,Masculino,Homicídio,29,Semiaberto,Sim,Não,2023-10-10,Centro de Detenção Provisória,Omnis repudiandae sed eligendi nulla aut enim iusto velit sit facilis nam nihil non.
413,Ana Beatriz Lima,21,Feminino,Tráfico de Drogas,7,Semiaberto,Sim,Não,2019-11-09,Prisão Central,Et dolor dolores repellat tenetur nobis minima magni.
414,Larissa Sampaio,50,Feminino,Homicídio,25,Aberto,Sim,Sim,2022-02-13,Centro de Detenção Provisória,Quia enim labore quia molestias facilis provident.
415,Sophia Campos,63,Masculino,Estupro,11,Semiaberto,Não,Não,2023-12-23,Penitenciária Estadual,Dicta recusandae voluptas nam quos qui temporibus sint saepe accusamus.
416,Mirella Ribeiro,57,Masculino,Furto,24,Fechado,Não,Sim,2022-05-04,Centro de Detenção Provisória,Cumque aut dicta vitae molestiae natus praesentium quas.
417,Isaac Borges,19,Feminino,Roubo,24,Semiaberto,Não,Sim,2018-07-26,Penitenciária Estadual,Iure eligendi totam et exercitationem harum suscipit sunt velit facere amet officia deleniti.
418,Eduardo Borges,69,Masculino,Homicídio,23,Aberto,Não,Sim,2015-10-16,Penitenciária Estadual,Id consequatur doloremque suscipit qui id.
419,Benício Aparecida,61,Masculino,Estupro,20,Semiaberto,Não,Sim,2022-07-31,Centro de Detenção Provisória,Sapiente provident nihil repellendus est molestiae quas impedit deserunt cumque.
420,Maria Fernanda das Neves,31,Feminino,Homicídio,27,Fechado,Não,Não,2018-11-14,Penitenciária Estadual,Cum quasi voluptate amet odit alias omnis omnis veritatis voluptate pariatur.
421,Bruna Viana,52,Feminino,Estupro,19,Semiaberto,Não,Não,2022-05-28,Centro de Detenção Provisória,Rerum molestiae ullam saepe occaecati sapiente optio est.
422,Maria Clara Pastor,59,Feminino,Tráfico de Drogas,13,Fechado,Sim,Sim,2015-03-30,Penitenciária Estadual,Officia quae corporis dolorum temporibus accusamus quod quis totam deserunt quidem ratione.
423,Bruno Aparecida,23,Feminino,Estupro,16,Fechado,Não,Não,2022-12-24,Prisão Central,Cum repellendus quaerat quaerat exercitationem laboriosam.
424,Sr. Gael Henrique da Paz,58,Feminino,Homicídio,18,Fechado,Sim,Sim,2024-07-27,Centro de Detenção Provisória,Cumque delectus illum officiis nihil assumenda quos quos delectus eligendi accusantium nostrum.
425,Miguel Barros,67,Feminino,Homicídio,21,Fechado,Sim,Não,2020-03-26,Prisão Central,Totam impedit vero temporibus a labore rem tempore at.
426,Benicio Castro,47,Masculino,Tráfico de Drogas,12,Semiaberto,Não,Sim,2023-08-08,Centro de Detenção Provisória,Corrupti dolorem nisi culpa eveniet quidem eos.
427,Francisco da Mata,41,Masculino,Roubo,20,Aberto,Sim,Não,2021-10-22,Penitenciária Estadual,Libero voluptas minima reprehenderit unde animi officiis temporibus expedita.
428,Bianca Cavalcanti,64,Masculino,Furto,4,Semiaberto,Não,Não,2024-11-05,Penitenciária Estadual,Fuga sed animi ipsum maiores possimus dolor nam deleniti ipsa esse eaque velit.
429,Jade Gomes,55,Feminino,Homicídio,18,Semiaberto,Sim,Não,2023-11-20,Penitenciária Estadual,Consequuntur ducimus accusantium iusto fugit sit culpa magnam impedit.
430,Maria Fernanda Lima,23,Masculino,Estupro,1,Semiaberto,Sim,Não,2018-01-04,Penitenciária Estadual,Excepturi dicta nulla hic deserunt nobis non quam asperiores quibusdam.
431,Alícia Moraes,69,Masculino,Estupro,22,Fechado,Não,Sim,2021-11-06,Penitenciária Estadual,Temporibus dignissimos reiciendis eligendi et numquam deleniti.
432,Dr. Calebe Camargo,43,Masculino,Tráfico de Drogas,3,Semiaberto,Não,Sim,2022-07-22,Centro de Detenção Provisória,Doloribus provident facere nobis labore provident corrupti quas cum eligendi in iure accusantium.
433,Luan Gonçalves,21,Masculino,Estupro,8,Aberto,Sim,Sim,2021-12-19,Prisão Central,Maiores eveniet voluptates at repudiandae tenetur.
434,Maya Pinto,24,Feminino,Furto,3,Fechado,Sim,Não,2021-07-08,Centro de Detenção Provisória,Dignissimos nemo veritatis dignissimos pariatur dolor.
435,Aylla Cunha,50,Masculino,Furto,15,Semiaberto,Não,Não,2018-07-09,Centro de Detenção Provisória,Cumque quas modi nesciunt optio provident eius voluptate.
436,Sr. Eduardo Souza,31,Masculino,Furto,9,Fechado,Sim,Não,2023-12-21,Penitenciária Estadual,A magnam error expedita consectetur iste adipisci a.
437,Maria da Mota,49,Masculino,Furto,6,Aberto,Não,Sim,2022-06-22,Penitenciária Estadual,Illum voluptatum voluptatibus vel provident ipsum repudiandae nobis.
438,Raul Campos,39,Masculino,Tráfico de Drogas,17,Aberto,Não,Não,2024-06-26,Penitenciária Estadual,Molestiae dolor alias molestias consectetur exercitationem optio est.
439,Pedro Lucas Farias,45,Masculino,Estupro,9,Semiaberto,Sim,Não,2024-12-14,Penitenciária Estadual,Alias ratione cumque non tempore veritatis repellat nisi aliquam.
440,Ana Lívia Fernandes,40,Masculino,Tráfico de Drogas,19,Aberto,Sim,Não,2022-01-13,Penitenciária Estadual,Delectus eaque laboriosam sint praesentium similique est sunt.
441,Samuel Souza,25,Feminino,Furto,29,Fechado,Não,Não,2018-01-19,Centro de Detenção Provisória,Fugiat corporis quod architecto eos explicabo vitae reprehenderit aliquid temporibus debitis.
442,Dom Martins,42,Feminino,Furto,20,Fechado,Sim,Sim,2018-08-09,Penitenciária Estadual,Reprehenderit porro molestiae culpa deserunt iste praesentium non temporibus cum asperiores.
443,Larissa Pimenta,43,Feminino,Roubo,21,Aberto,Não,Não,2021-12-27,Prisão Central,Esse pariatur qui voluptate fuga laborum.
444,Bella Melo,42,Masculino,Roubo,12,Aberto,Sim,Sim,2024-12-02,Centro de Detenção Provisória,Quia dolorem possimus vero quibusdam reiciendis deleniti eaque iure iste impedit tempore totam.
445,Cecília Casa Grande,42,Masculino,Estupro,13,Fechado,Sim,Não,2024-02-07,Penitenciária Estadual,Cumque saepe est harum rerum adipisci qui dicta.
446,Hellena Caldeira,46,Masculino,Estupro,18,Semiaberto,Sim,Sim,2018-11-01,Centro de Detenção Provisória,Occaecati impedit magni nisi alias quae recusandae dignissimos pariatur ea consequatur.
447,Anna Liz Cavalcante,29,Feminino,Roubo,4,Aberto,Sim,Não,2016-04-29,Centro de Detenção Provisória,Maiores id in officia voluptatum quis excepturi adipisci alias.
448,Kamilly da Cunha,47,Masculino,Roubo,14,Semiaberto,Não,Não,2019-02-04,Centro de Detenção Provisória,Est tenetur esse reiciendis nulla expedita fuga corrupti incidunt et.
449,Ryan Campos,49,Feminino,Roubo,21,Aberto,Sim,Sim,2016-08-25,Centro de Detenção Provisória,Corrupti dolorum vitae officia deserunt nobis quibusdam.
450,Laís da Luz,50,Feminino,Estupro,28,Fechado,Sim,Sim,2021-08-02,Prisão Central,Fuga nemo animi reiciendis sed ea debitis voluptatibus provident.
451,Melissa Cunha,62,Masculino,Estupro,18,Fechado,Não,Sim,2018-06-05,Prisão Central,Sequi sequi itaque libero facere at sint incidunt iure eveniet non voluptatum.
452,Mateus Azevedo,62,Masculino,Tráfico de Drogas,3,Fechado,Sim,Sim,2018-11-10,Penitenciária Estadual,Ex architecto minus necessitatibus accusantium praesentium cumque culpa quidem error temporibus soluta corrupti.
453,Maysa Melo,32,Feminino,Homicídio,4,Semiaberto,Não,Sim,2019-03-04,Penitenciária Estadual,Magnam illum sit incidunt nostrum eligendi.
454,Dom Pires,33,Feminino,Furto,22,Fechado,Sim,Sim,2021-06-15,Penitenciária Estadual,Maxime quis laboriosam officiis vel facere expedita dolorum veritatis.
455,Maria Julia da Conceição,46,Feminino,Furto,19,Fechado,Não,Sim,2019-06-29,Centro de Detenção Provisória,Recusandae repellendus placeat voluptate eveniet autem quasi quidem.
456,Beatriz Novaes,68,Masculino,Roubo,7,Fechado,Sim,Sim,2020-11-25,Centro de Detenção Provisória,Voluptates quod totam nam distinctio neque omnis.
457,Sophia Marques,22,Feminino,Furto,1,Semiaberto,Não,Sim,2022-02-26,Centro de Detenção Provisória,Consectetur at cum optio cupiditate reiciendis nihil explicabo iure ducimus sint.
458,Dr. Juan Andrade,55,Masculino,Tráfico de Drogas,9,Semiaberto,Não,Não,2020-02-18,Prisão Central,Commodi voluptatem magnam distinctio quo eaque rerum dolore ducimus.
459,Caroline da Luz,68,Feminino,Furto,6,Aberto,Não,Sim,2019-11-23,Centro de Detenção Provisória,Accusamus maxime minus aut voluptate repellendus quisquam officia animi.
460,Maria Eduarda Macedo,39,Feminino,Homicídio,13,Aberto,Não,Sim,2021-10-09,Prisão Central,Harum aliquam laboriosam illo occaecati natus architecto similique veniam quaerat quaerat.
461,Bárbara Ribeiro,20,Masculino,Homicídio,27,Semiaberto,Sim,Não,2024-09-07,Prisão Central,Molestias vero aliquam ducimus dolorem voluptatibus nulla nesciunt veritatis rerum consequatur ut veritatis.
462,Vicente Abreu,57,Feminino,Estupro,3,Fechado,Sim,Não,2019-05-17,Prisão Central,Veniam eveniet velit quis doloremque velit.
463,Dr. Pedro Henrique Moreira,18,Masculino,Estupro,19,Aberto,Não,Não,2024-10-11,Prisão Central,Magnam quo alias ipsum alias a voluptatibus a voluptatem debitis eaque a.
464,Vinícius Correia,46,Masculino,Estupro,1,Semiaberto,Não,Não,2023-09-25,Penitenciária Estadual,Non expedita velit consectetur natus nam ipsa consequatur nemo iusto eaque.
465,Maria Clara Martins,55,Feminino,Furto,1,Semiaberto,Sim,Não,2021-10-31,Penitenciária Estadual,Quas commodi animi eveniet voluptas necessitatibus cupiditate.
466,Stephany Barros,42,Masculino,Tráfico de Drogas,4,Semiaberto,Não,Não,2019-03-08,Centro de Detenção Provisória,Officiis sint dolorem excepturi quisquam beatae.
467,Benício Macedo,61,Masculino,Tráfico de Drogas,18,Fechado,Sim,Sim,2016-08-31,Centro de Detenção Provisória,Sit necessitatibus rem asperiores nisi quia quidem quidem aliquam vitae quos.
468,Sr. Enzo Duarte,63,Masculino,Estupro,23,Fechado,Sim,Não,2019-11-27,Prisão Central,Ipsam optio ab velit dolores ex commodi veniam.
469,Brenda Sousa,67,Feminino,Roubo,11,Fechado,Sim,Sim,2020-07-23,Prisão Central,Nostrum ullam natus eaque quam quam quidem ex nesciunt ab exercitationem accusamus.
470,Luiz Felipe Campos,65,Masculino,Furto,26,Aberto,Não,Sim,2023-04-12,Penitenciária Estadual,Laudantium doloribus accusamus pariatur maxime repudiandae recusandae similique praesentium quas labore blanditiis.
471,Rafael Martins,54,Feminino,Homicídio,2,Aberto,Sim,Sim,2020-11-28,Centro de Detenção Provisória,Iure nostrum aspernatur libero excepturi quae excepturi occaecati quidem dolorum et veritatis doloribus.
472,Lívia Sousa,52,Feminino,Tráfico de Drogas,7,Semiaberto,Não,Não,2015-11-17,Penitenciária Estadual,Voluptatum culpa quidem dolor eligendi harum itaque ducimus voluptatem vitae ipsum veniam voluptatibus.
473,Théo da Cunha,20,Masculino,Tráfico de Drogas,13,Aberto,Não,Sim,2018-10-17,Prisão Central,Dicta suscipit sed doloribus illum saepe.
474,Dra. Alícia Pires,58,Masculino,Furto,7,Fechado,Não,Sim,2023-10-30,Prisão Central,Voluptatum consequatur odit necessitatibus enim facere.
475,Sr. Leonardo Melo,56,Masculino,Estupro,16,Fechado,Sim,Sim,2023-06-19,Penitenciária Estadual,Tenetur ducimus repudiandae voluptates atque deleniti.
476,Dra. Pietra Novais,31,Feminino,Furto,7,Semiaberto,Sim,Não,2019-12-24,Penitenciária Estadual,Culpa doloribus voluptas aspernatur velit quam.
477,Esther Monteiro,51,Masculino,Homicídio,22,Semiaberto,Não,Não,2019-01-26,Centro de Detenção Provisória,A adipisci aliquid doloremque eveniet dolorem dolores voluptate consequatur.
478,Heloísa Martins,25,Feminino,Roubo,30,Semiaberto,Não,Não,2024-06-25,Centro de Detenção Provisória,Accusantium eius optio cumque provident quibusdam magnam quibusdam perferendis.
479,Maria Cirino,38,Masculino,Roubo,17,Fechado,Sim,Sim,2016-05-27,Prisão Central,Iste aspernatur aut voluptatibus corrupti velit.
480,Erick Peixoto,48,Masculino,Homicídio,1,Aberto,Não,Sim,2022-05-13,Penitenciária Estadual,Vitae quo necessitatibus sequi veritatis impedit voluptatibus cupiditate.
481,Dr. Pietro Gomes,64,Masculino,Tráfico de Drogas,16,Fechado,Sim,Sim,2016-01-11,Prisão Central,Placeat nostrum reiciendis laborum est facere iusto vitae eum vel voluptas repudiandae.
482,Luiz Gustavo Aragão,70,Masculino,Homicídio,15,Aberto,Não,Não,2018-10-15,Penitenciária Estadual,Ad maxime nihil asperiores iure vel.
483,Nicolas Araújo,47,Feminino,Homicídio,11,Semiaberto,Sim,Não,2017-03-16,Prisão Central,Alias nam quasi voluptatum illum expedita dicta accusantium quaerat.
484,Cecilia Lima,66,Feminino,Estupro,28,Aberto,Não,Sim,2017-09-29,Prisão Central,Omnis nesciunt quae ipsum magni inventore harum dolorum culpa eum eaque repellendus.
485,Ana Liz Melo,21,Masculino,Roubo,30,Fechado,Sim,Não,2015-04-26,Prisão Central,Cumque ex quas sit voluptas explicabo quos excepturi.
486,Srta. Isabel Albuquerque,18,Feminino,Roubo,20,Semiaberto,Sim,Sim,2018-04-06,Prisão Central,Consequuntur atque ratione ipsa perferendis quas quae.
487,Sra. Antonella Novais,32,Masculino,Roubo,22,Fechado,Sim,Não,2018-05-23,Penitenciária Estadual,Quisquam quos dicta quam cum corporis quas ullam soluta mollitia quas distinctio.
488,Dr. Eduardo Melo,45,Feminino,Furto,4,Fechado,Não,Sim,2021-06-25,Prisão Central,Dignissimos perspiciatis placeat accusamus ab molestiae dolorem excepturi explicabo.
489,Luigi Machado,39,Feminino,Tráfico de Drogas,11,Semiaberto,Não,Sim,2018-06-10,Prisão Central,Nobis tenetur deleniti architecto ab recusandae doloribus possimus placeat.
490,Cecilia Caldeira,51,Masculino,Homicídio,20,Fechado,Não,Não,2021-03-31,Prisão Central,Accusamus dolorum vero corporis temporibus quod fugit eum inventore officiis fugiat deserunt pariatur.
491,Luiz Otávio Casa Grande,61,Feminino,Homicídio,29,Semiaberto,Sim,Não,2023-12-30,Centro de Detenção Provisória,Quidem corrupti enim sint suscipit est.
492,Antonella Nogueira,44,Feminino,Homicídio,6,Fechado,Sim,Sim,2024-08-29,Prisão Central,Perspiciatis odio minus dolorum architecto modi odit repellendus impedit illo ipsum esse.
493,Isaque Barros,52,Masculino,Homicídio,24,Fechado,Não,Não,2023-03-27,Centro de Detenção Provisória,Et quibusdam sapiente id nulla itaque quae saepe.
494,Maria Eduarda Sá,68,Feminino,Tráfico de Drogas,14,Fechado,Não,Sim,2020-09-20,Penitenciária Estadual,Aperiam atque neque quod saepe quae corrupti enim consequatur porro autem nobis libero.
495,Mariane Silveira,67,Feminino,Estupro,1,Aberto,Sim,Sim,2020-09-28,Prisão Central,Alias quia doloremque magnam minus molestias quis facere.
496,Ana Vitória Rezende,38,Feminino,Estupro,7,Semiaberto,Não,Sim,2022-04-11,Penitenciária Estadual,Ex quae accusantium repudiandae expedita aut eaque expedita est quia.
497,Igor Duarte,60,Feminino,Estupro,19,Fechado,Não,Não,2017-08-13,Prisão Central,Ullam ea repellat nesciunt numquam explicabo occaecati ab consequatur exercitationem.
498,Henry Gabriel Moraes,22,Feminino,Homicídio,18,Fechado,Não,Sim,2020-05-27,Penitenciária Estadual,Perspiciatis pariatur magnam consequatur necessitatibus commodi officia.
499,João Pedro da Paz,52,Feminino,Tráfico de Drogas,15,Semiaberto,Sim,Sim,2019-07-27,Penitenciária Estadual,Praesentium vitae nemo blanditiis voluptatem odit minima quod.
500,Bento Novais,65,Masculino,Estupro,15,Aberto,Sim,Sim,2019-06-28,Centro de Detenção Provisória,Non harum commodi optio modi perspiciatis ut et.
